timestamp,lux,temperature,humidity
2025-06-18T21:51:15.659046,19.401215999999998,25.8,40.0
2025-06-18T21:51:48.230715,19.401215999999998,25.8,39.0
2025-06-18T21:53:02.223461,19.564415999999998,25.8,39.0
2025-06-18T21:53:37.083135,19.401215999999998,25.9,40.0
2025-06-18T21:54:07.414015,19.564415999999998,25.9,40.0
2025-06-18T21:54:37.740987,19.401215999999998,25.8,39.0
2025-06-18T21:55:10.327323,19.564415999999998,25.9,39.0
2025-06-18T21:55:42.911499,19.564415999999998,25.9,39.0
2025-06-18T21:56:17.836384,19.401215999999998,25.9,40.0
2025-06-18T21:56:50.418143,19.401215999999998,25.9,39.0
2025-06-18T21:57:22.995814,19.179264,25.9,39.0
2025-06-18T21:57:53.324651,19.401215999999998,25.9,40.0
2025-06-18T21:58:23.650620,19.401215999999998,25.8,39.0
2025-06-18T21:58:56.255836,19.401215999999998,25.8,39.0
2025-06-18T21:59:28.832278,19.238016,25.9,40.0
2025-06-18T22:00:01.413904,19.074816,25.9,39.0
2025-06-18T22:00:31.735640,16.333056,25.9,40.0
2025-06-18T22:01:06.569795,16.496256000000002,25.9,40.0
2025-06-18T22:01:36.894791,16.822656000000002,25.9,40.0
2025-06-18T22:02:07.214259,16.822656000000002,25.9,39.0
2025-06-18T22:02:37.538717,16.822656000000002,25.9,39.0
2025-06-18T22:03:10.127318,16.822656000000002,25.8,39.0
2025-06-18T22:03:42.743528,16.659456000000002,25.8,39.0
2025-06-18T22:04:13.080002,16.659456000000002,25.9,40.0
2025-06-18T22:04:43.454496,16.822656000000002,25.8,39.0
2025-06-18T22:05:13.792751,16.822656000000002,25.8,39.0
2025-06-18T22:05:46.379229,16.822656000000002,25.8,40.0
2025-06-18T22:06:21.250126,16.659456000000002,25.9,40.0
2025-06-18T22:06:51.623402,16.659456000000002,25.8,40.0
2025-06-18T22:07:24.215375,16.822656000000002,25.8,40.0
2025-06-18T22:07:54.549746,16.169856,25.8,40.0
2025-06-18T22:08:24.865235,16.333056,25.8,39.0
2025-06-18T22:08:57.448776,16.169856,25.8,39.0
2025-06-18T22:09:27.803901,16.333056,25.8,40.0
2025-06-18T22:09:58.124410,16.333056,25.8,39.0
2025-06-18T22:10:28.442110,16.169856,25.8,39.0
2025-06-18T22:10:58.766603,16.169856,25.8,39.0
2025-06-18T22:11:29.083622,16.169856,25.8,39.0
2025-06-18T22:11:59.414782,16.333056,25.7,39.0
2025-06-18T22:12:29.745680,16.333056,25.7,39.0
2025-06-18T22:13:00.066742,16.333056,25.7,39.0
2025-06-18T22:13:30.394770,16.333056,25.7,39.0
2025-06-18T22:14:00.721934,16.169856,25.7,39.0
2025-06-18T22:14:31.053038,16.333056,25.7,39.0
2025-06-18T22:15:03.641685,16.333056,25.7,39.0
2025-06-18T22:15:33.960764,0.16319999999999998,25.6,40.0
2025-06-18T22:16:04.283446,0.16319999999999998,25.6,39.0
2025-06-18T22:16:34.612696,0.16319999999999998,25.6,39.0
2025-06-18T22:17:04.940910,0.16319999999999998,25.6,39.0
2025-06-18T22:17:37.526075,0.16319999999999998,25.6,39.0
2025-06-18T22:18:07.847963,0.16319999999999998,25.7,40.0
2025-06-18T22:18:38.179808,0.16319999999999998,25.7,39.0
2025-06-18T22:19:08.514266,0.16319999999999998,25.7,39.0
2025-06-18T22:19:41.107002,0.16319999999999998,25.8,39.0
2025-06-18T22:20:11.436762,0.16319999999999998,25.8,40.0
2025-06-18T22:20:41.765531,0.16319999999999998,25.8,39.0
2025-06-18T22:21:12.095178,0.16319999999999998,25.8,39.0
2025-06-18T22:21:42.416778,0.16319999999999998,25.8,38.0
2025-06-18T22:22:12.743223,0.16319999999999998,25.8,39.0
2025-06-18T22:22:43.077084,0.16319999999999998,25.8,38.0
2025-06-18T22:23:13.411725,0.16319999999999998,25.8,38.0
2025-06-18T22:23:43.733126,0.16319999999999998,25.8,38.0
2025-06-18T22:24:14.051586,0.16319999999999998,25.8,38.0
2025-06-18T22:24:44.375759,0.16319999999999998,25.8,38.0
2025-06-18T22:25:14.699925,0.16319999999999998,25.8,38.0
2025-06-18T22:25:45.025828,0.16319999999999998,25.8,38.0
2025-06-18T22:26:15.349638,0.16319999999999998,25.7,38.0
2025-06-18T22:26:45.676190,0.16319999999999998,25.8,38.0
2025-06-18T22:27:15.999717,0.16319999999999998,25.8,38.0
2025-06-18T22:27:46.314777,0.16319999999999998,25.8,38.0
2025-06-18T22:28:18.898672,0.16319999999999998,25.8,38.0
2025-06-18T22:28:49.216062,0.16319999999999998,25.8,39.0
2025-06-18T22:29:19.539214,0.16319999999999998,25.8,38.0
2025-06-18T22:29:49.862156,0.16319999999999998,25.7,38.0
2025-06-18T22:30:22.447257,0.16319999999999998,25.8,38.0
2025-06-18T22:30:52.772280,0.16319999999999998,25.8,39.0
2025-06-18T22:31:23.094869,0.16319999999999998,25.7,38.0
2025-06-18T22:31:53.418778,0.16319999999999998,25.7,38.0
2025-06-18T22:32:25.994770,0.16319999999999998,25.7,39.0
2025-06-18T22:32:56.325627,0.16319999999999998,25.7,39.0
2025-06-18T22:33:26.656718,0.16319999999999998,25.7,39.0
2025-06-18T22:33:56.975507,0.16319999999999998,25.7,39.0
2025-06-18T22:34:27.299674,0.16319999999999998,25.7,38.0
2025-06-18T22:34:57.621430,0.16319999999999998,25.7,39.0
2025-06-18T22:35:27.945378,0.16319999999999998,25.7,39.0
2025-06-18T22:35:58.271677,0.16319999999999998,25.7,39.0
2025-06-18T22:36:28.601266,0.16319999999999998,25.6,39.0
2025-06-18T22:36:58.929275,0.16319999999999998,25.6,38.0
2025-06-18T22:37:29.253069,0.16319999999999998,25.6,39.0
2025-06-18T22:37:59.567744,0.16319999999999998,25.5,38.0
2025-06-18T22:38:29.894002,0.16319999999999998,25.4,39.0
2025-06-18T22:39:00.213794,0.16319999999999998,25.4,39.0
2025-06-18T22:39:30.548907,0.16319999999999998,25.4,39.0
2025-06-18T22:40:00.874380,0.16319999999999998,25.3,39.0
2025-06-18T22:40:31.209659,0.16319999999999998,25.3,38.0
2025-06-18T22:41:01.534799,0.16319999999999998,25.3,38.0
2025-06-18T22:41:31.870161,0.16319999999999998,25.3,38.0
2025-06-18T22:42:04.446245,0.16319999999999998,25.2,38.0
2025-06-18T22:42:34.776465,0.16319999999999998,25.2,39.0
2025-06-18T22:43:05.101653,0.16319999999999998,25.2,38.0
2025-06-18T22:43:35.422188,0.16319999999999998,25.2,38.0
2025-06-18T22:44:05.740351,0.16319999999999998,25.2,38.0
2025-06-18T22:44:36.065450,0.16319999999999998,25.2,38.0
2025-06-18T22:45:06.399128,0.16319999999999998,25.1,38.0
2025-06-18T22:45:36.721764,0.16319999999999998,25.1,38.0
2025-06-18T22:46:07.042808,0.16319999999999998,25.1,38.0
2025-06-18T22:46:39.621252,0.16319999999999998,25.1,38.0
2025-06-18T22:47:09.950386,0.16319999999999998,25.1,39.0
2025-06-18T22:47:42.527704,0.16319999999999998,25.1,38.0
2025-06-18T22:48:12.856867,0.16319999999999998,25.1,39.0
2025-06-18T22:48:45.449431,0.16319999999999998,25.1,39.0
2025-06-18T22:49:15.777667,0.16319999999999998,25.1,39.0
2025-06-18T22:49:48.359826,0.16319999999999998,25.0,38.0
2025-06-18T22:50:18.691155,0.16319999999999998,25.0,40.0
2025-06-18T22:50:49.012299,0.16319999999999998,25.0,38.0
2025-06-18T22:51:19.336043,0.16319999999999998,25.0,38.0
2025-06-18T22:51:51.933909,0.16319999999999998,24.9,38.0
2025-06-18T22:52:22.262574,0.16319999999999998,25.0,40.0
2025-06-18T22:52:52.597636,0.16319999999999998,25.0,38.0
2025-06-18T22:53:22.926717,0.16319999999999998,24.9,38.0
2025-06-18T22:53:53.257912,0.16319999999999998,24.9,38.0
2025-06-18T22:54:23.581281,0.16319999999999998,24.9,38.0
2025-06-18T22:54:53.901939,0.16319999999999998,24.9,38.0
2025-06-18T22:55:24.233497,0.16319999999999998,24.9,38.0
2025-06-18T22:55:54.558493,0.16319999999999998,24.9,38.0
2025-06-18T22:56:27.145046,0.16319999999999998,24.9,38.0
2025-06-18T22:56:57.477630,0.16319999999999998,24.9,40.0
2025-06-18T22:57:30.075073,0.16319999999999998,24.9,38.0
2025-06-18T22:58:00.536659,0.16319999999999998,24.9,40.0
2025-06-18T22:58:30.855501,0.16319999999999998,24.9,38.0
2025-06-18T22:59:01.187090,0.16319999999999998,24.8,38.0
2025-06-18T22:59:38.294684,0.16319999999999998,24.9,40.0
2025-06-18T23:00:08.634925,0.16319999999999998,24.9,39.0
2025-06-18T23:00:38.963722,0.16319999999999998,24.9,38.0
2025-06-18T23:01:09.286759,0.16319999999999998,24.9,38.0
2025-06-18T23:01:39.619771,0.16319999999999998,24.8,38.0
2025-06-18T23:02:09.938650,0.16319999999999998,24.8,38.0
2025-06-18T23:02:40.257690,0.16319999999999998,24.8,38.0
2025-06-18T23:03:10.582040,0.16319999999999998,24.8,38.0
2025-06-18T23:03:43.163470,0.16319999999999998,24.8,38.0
2025-06-18T23:04:13.488982,0.16319999999999998,24.8,40.0
2025-06-18T23:04:43.812535,0.16319999999999998,24.8,38.0
2025-06-18T23:05:14.136832,0.16319999999999998,24.8,38.0
2025-06-18T23:05:44.462118,0.16319999999999998,24.7,38.0
2025-06-18T23:06:14.792863,0.16319999999999998,24.8,39.0
2025-06-18T23:06:45.105527,0.16319999999999998,24.8,39.0
2025-06-18T23:07:15.435936,0.16319999999999998,24.7,38.0
2025-06-18T23:07:45.752614,0.16319999999999998,24.7,39.0
2025-06-18T23:08:18.343709,0.16319999999999998,24.7,38.0
2025-06-18T23:08:48.659983,0.16319999999999998,24.7,40.0
2025-06-18T23:09:18.976747,0.16319999999999998,24.7,39.0
2025-06-18T23:09:49.305479,0.16319999999999998,24.7,39.0
2025-06-18T23:10:19.619595,0.16319999999999998,24.7,38.0
2025-06-18T23:10:49.942485,0.16319999999999998,24.7,39.0
2025-06-18T23:11:20.259844,0.16319999999999998,24.7,39.0
2025-06-18T23:11:50.584324,0.16319999999999998,24.7,39.0
2025-06-18T23:12:20.905419,0.16319999999999998,24.7,39.0
2025-06-18T23:12:51.240046,0.16319999999999998,24.7,39.0
2025-06-18T23:13:21.562635,0.16319999999999998,24.7,39.0
2025-06-18T23:13:51.885871,0.16319999999999998,24.7,39.0
2025-06-18T23:14:24.461142,0.16319999999999998,24.8,39.0
2025-06-18T23:14:54.781788,0.16319999999999998,24.8,40.0
2025-06-18T23:15:27.356192,0.16319999999999998,24.8,39.0
2025-06-18T23:15:59.937023,0.16319999999999998,24.8,39.0
2025-06-18T23:16:30.254439,0.16319999999999998,24.9,40.0
2025-06-18T23:17:00.583198,0.0,24.9,39.0
2025-06-18T23:17:33.170868,0.16319999999999998,24.9,39.0
2025-06-18T23:18:03.501268,0.16319999999999998,24.9,40.0
2025-06-18T23:18:33.824867,0.16319999999999998,24.9,39.0
2025-06-18T23:19:04.145477,0.16319999999999998,24.9,39.0
2025-06-18T23:19:34.469836,0.16319999999999998,24.9,39.0
2025-06-18T23:20:04.796331,0.16319999999999998,24.9,39.0
2025-06-18T23:20:35.125420,0.16319999999999998,24.9,39.0
2025-06-18T23:21:05.447593,0.16319999999999998,24.9,39.0
2025-06-18T23:21:35.778667,0.16319999999999998,25.0,39.0
2025-06-18T23:22:06.093342,0.16319999999999998,25.0,39.0
2025-06-18T23:22:36.422606,0.16319999999999998,25.0,39.0
2025-06-18T23:23:06.747096,0.16319999999999998,25.0,39.0
2025-06-18T23:23:37.070357,0.16319999999999998,25.0,39.0
2025-06-18T23:24:07.400372,0.16319999999999998,25.0,39.0
2025-06-18T23:24:37.724621,0.16319999999999998,25.0,39.0
2025-06-18T23:25:10.313081,0.16319999999999998,24.9,39.0
2025-06-18T23:25:40.636932,0.16319999999999998,25.0,40.0
2025-06-18T23:26:10.971245,0.16319999999999998,25.0,39.0
2025-06-18T23:26:41.305843,0.16319999999999998,25.0,39.0
2025-06-18T23:27:18.406827,0.16319999999999998,25.0,40.0
2025-06-18T23:27:48.726661,0.16319999999999998,25.0,40.0
2025-06-18T23:28:19.052159,0.16319999999999998,25.0,39.0
2025-06-18T23:28:53.902422,0.16319999999999998,25.0,40.0
2025-06-18T23:29:24.237615,0.16319999999999998,25.0,40.0
2025-06-18T23:29:54.560751,0.16319999999999998,25.0,39.0
2025-06-18T23:30:27.149180,0.16319999999999998,25.0,39.0
2025-06-18T23:30:57.471832,0.16319999999999998,24.9,40.0
2025-06-18T23:31:27.789795,0.16319999999999998,25.0,39.0
2025-06-18T23:31:58.117250,0.16319999999999998,24.9,39.0
2025-06-18T23:32:30.691212,0.16319999999999998,25.0,39.0
2025-06-18T23:33:01.010757,0.16319999999999998,25.0,41.0
2025-06-18T23:33:31.339338,0.16319999999999998,25.0,39.0
2025-06-18T23:34:01.667374,0.16319999999999998,25.0,39.0
2025-06-18T23:34:31.980797,0.16319999999999998,25.0,39.0
2025-06-18T23:35:02.312557,0.16319999999999998,25.0,40.0
2025-06-18T23:35:34.894406,0.16319999999999998,25.0,39.0
2025-06-18T23:36:05.226101,0.16319999999999998,25.0,41.0
2025-06-18T23:36:35.546964,0.16319999999999998,25.0,39.0
2025-06-18T23:37:08.127694,0.16319999999999998,25.0,39.0
2025-06-18T23:37:38.452678,0.16319999999999998,25.0,40.0
2025-06-18T23:38:08.782861,0.16319999999999998,25.0,39.0
2025-06-18T23:38:39.105922,0.16319999999999998,25.0,39.0
2025-06-18T23:39:09.430562,0.16319999999999998,25.0,39.0
2025-06-18T23:39:39.761324,0.16319999999999998,24.9,39.0
2025-06-18T23:40:10.082561,0.16319999999999998,25.0,39.0
2025-06-18T23:40:42.658085,0.16319999999999998,25.0,39.0
2025-06-18T23:41:12.987986,0.16319999999999998,25.0,41.0
2025-06-18T23:41:43.303172,0.16319999999999998,25.0,40.0
2025-06-18T23:42:13.618435,0.16319999999999998,24.9,39.0
2025-06-18T23:42:43.944311,0.16319999999999998,24.9,39.0
2025-06-18T23:43:14.272207,0.16319999999999998,24.9,39.0
2025-06-18T23:43:44.594818,0.16319999999999998,24.9,40.0
2025-06-18T23:44:14.915353,0.16319999999999998,25.0,39.0
2025-06-18T23:44:45.229570,0.16319999999999998,24.9,39.0
2025-06-18T23:45:15.558959,0.16319999999999998,25.0,39.0
2025-06-18T23:45:45.890519,0.16319999999999998,25.0,39.0
2025-06-18T23:46:16.213168,0.16319999999999998,24.9,39.0
2025-06-18T23:46:46.532256,0.16319999999999998,25.0,39.0
2025-06-18T23:47:16.850482,0.16319999999999998,24.9,40.0
2025-06-18T23:47:49.422466,0.16319999999999998,25.0,40.0
2025-06-18T23:48:19.748787,0.16319999999999998,25.0,41.0
2025-06-18T23:48:50.071452,0.16319999999999998,24.9,40.0
2025-06-18T23:49:20.404275,0.16319999999999998,25.0,39.0
2025-06-18T23:49:50.726345,0.16319999999999998,25.0,40.0
2025-06-18T23:50:21.047956,0.16319999999999998,24.9,40.0
2025-06-18T23:50:53.637907,0.16319999999999998,25.0,40.0
2025-06-18T23:51:23.967939,0.16319999999999998,24.9,41.0
2025-06-18T23:51:56.549103,0.16319999999999998,24.9,39.0
2025-06-18T23:52:26.865187,0.16319999999999998,25.0,41.0
2025-06-18T23:52:57.195006,0.16319999999999998,25.0,40.0
2025-06-18T23:53:27.529346,0.16319999999999998,24.9,40.0
2025-06-18T23:53:57.844626,0.16319999999999998,25.0,40.0
2025-06-18T23:54:28.167613,0.16319999999999998,24.9,40.0
2025-06-18T23:54:58.495897,0.16319999999999998,24.9,40.0
2025-06-18T23:55:28.833965,0.16319999999999998,24.9,40.0
2025-06-18T23:56:01.426795,0.16319999999999998,24.9,40.0
2025-06-18T23:56:31.763555,0.16319999999999998,24.9,41.0
2025-06-18T23:57:02.080076,0.16319999999999998,24.9,40.0
2025-06-18T23:57:32.409124,0.16319999999999998,24.9,40.0
2025-06-18T23:58:02.737635,0.16319999999999998,25.0,39.0
2025-06-18T23:58:33.068990,0.16319999999999998,25.0,39.0
2025-06-18T23:59:03.402067,0.16319999999999998,24.9,40.0
2025-06-18T23:59:33.732511,0.16319999999999998,24.9,39.0
2025-06-19T00:00:06.309744,0.16319999999999998,24.9,39.0
2025-06-19T00:00:36.637903,0.16319999999999998,25.0,41.0
2025-06-19T00:01:06.955972,0.16319999999999998,24.9,40.0
2025-06-19T00:01:37.270368,0.16319999999999998,24.9,39.0
2025-06-19T00:02:07.597658,0.16319999999999998,24.9,39.0
2025-06-19T00:02:37.911285,0.16319999999999998,24.9,39.0
2025-06-19T00:03:08.227392,0.16319999999999998,24.9,39.0
2025-06-19T00:03:38.546605,0.16319999999999998,24.9,40.0
2025-06-19T00:04:13.387022,0.16319999999999998,24.9,41.0
2025-06-19T00:04:43.714264,0.16319999999999998,24.9,41.0
2025-06-19T00:05:14.037270,0.16319999999999998,24.9,40.0
2025-06-19T00:05:46.637486,0.16319999999999998,24.9,40.0
2025-06-19T00:06:16.957935,0.16319999999999998,24.9,41.0
2025-06-19T00:06:47.289709,0.16319999999999998,24.9,40.0
2025-06-19T00:07:17.618012,0.16319999999999998,24.9,40.0
2025-06-19T00:07:50.207681,0.16319999999999998,24.9,40.0
2025-06-19T00:08:20.539084,0.16319999999999998,24.9,41.0
2025-06-19T00:08:50.872179,0.16319999999999998,24.9,40.0
2025-06-19T00:09:21.198011,0.16319999999999998,24.9,40.0
2025-06-19T00:09:53.784427,0.16319999999999998,24.9,39.0
2025-06-19T00:10:24.118629,0.16319999999999998,24.9,41.0
2025-06-19T00:10:54.442687,0.16319999999999998,24.9,39.0
2025-06-19T00:11:24.776763,0.16319999999999998,24.9,40.0
2025-06-19T00:11:55.186981,0.16319999999999998,24.9,39.0
2025-06-19T00:12:25.500583,0.16319999999999998,24.9,40.0
2025-06-19T00:12:55.823680,0.16319999999999998,25.0,40.0
2025-06-19T00:13:28.404677,0.16319999999999998,25.0,40.0
2025-06-19T00:13:58.725129,0.16319999999999998,25.0,41.0
2025-06-19T00:14:31.306007,0.16319999999999998,24.9,40.0
2025-06-19T00:15:03.892286,0.16319999999999998,24.9,40.0
2025-06-19T00:15:34.218487,0.16319999999999998,24.9,41.0
2025-06-19T00:16:04.551345,0.16319999999999998,24.9,40.0
2025-06-19T00:16:34.882346,0.16319999999999998,24.9,40.0
2025-06-19T00:17:05.202923,0.16319999999999998,24.9,40.0
2025-06-19T00:17:35.522433,0.16319999999999998,24.9,40.0
2025-06-19T00:18:05.844962,0.16319999999999998,24.9,40.0
2025-06-19T00:18:36.173428,0.0,24.9,40.0
2025-06-19T00:19:06.493079,0.16319999999999998,24.9,40.0
2025-06-19T00:19:36.819869,0.16319999999999998,24.9,40.0
2025-06-19T00:20:07.157180,0.16319999999999998,24.9,40.0
2025-06-19T00:20:37.489340,0.16319999999999998,24.9,40.0
2025-06-19T00:21:07.810239,0.16319999999999998,24.9,40.0
2025-06-19T00:21:38.136839,0.16319999999999998,24.9,40.0
2025-06-19T00:22:08.460181,0.16319999999999998,24.9,40.0
2025-06-19T00:22:38.783167,0.16319999999999998,24.9,39.0
2025-06-19T00:23:09.120517,0.16319999999999998,24.9,40.0
2025-06-19T00:23:41.715067,0.16319999999999998,25.0,39.0
2025-06-19T00:24:14.294347,0.16319999999999998,24.9,40.0
2025-06-19T00:24:44.623228,0.16319999999999998,24.9,41.0
2025-06-19T00:25:14.942267,0.16319999999999998,24.9,40.0
2025-06-19T00:25:45.256887,0.16319999999999998,24.9,40.0
2025-06-19T00:26:15.583789,0.16319999999999998,24.9,40.0
2025-06-19T00:26:45.902681,0.16319999999999998,24.9,40.0
2025-06-19T00:27:16.231986,0.16319999999999998,24.9,40.0
2025-06-19T00:27:46.564199,0.16319999999999998,24.9,40.0
2025-06-19T00:28:19.138012,0.16319999999999998,24.9,40.0
2025-06-19T00:28:51.731499,0.16319999999999998,24.9,40.0
2025-06-19T00:29:22.064816,0.16319999999999998,24.9,41.0
2025-06-19T00:29:52.392102,0.16319999999999998,24.9,40.0
2025-06-19T00:30:24.968700,0.16319999999999998,24.9,40.0
2025-06-19T00:30:55.287842,0.16319999999999998,24.9,41.0
2025-06-19T00:31:25.606743,0.16319999999999998,24.9,40.0
2025-06-19T00:31:55.926020,0.16319999999999998,24.8,40.0
2025-06-19T00:32:26.253149,0.16319999999999998,24.8,40.0
2025-06-19T00:32:56.566860,0.16319999999999998,24.9,40.0
2025-06-19T00:33:26.892516,0.16319999999999998,24.8,40.0
2025-06-19T00:33:57.216685,0.16319999999999998,24.9,40.0
2025-06-19T00:34:27.554027,0.16319999999999998,24.8,40.0
2025-06-19T00:34:57.880573,0.16319999999999998,24.9,40.0
2025-06-19T00:35:28.206165,0.16319999999999998,24.8,40.0
2025-06-19T00:35:58.521159,0.16319999999999998,24.8,40.0
2025-06-19T00:36:28.850627,0.16319999999999998,24.8,40.0
2025-06-19T00:37:01.430961,0.16319999999999998,24.8,40.0
2025-06-19T00:37:31.762359,0.16319999999999998,24.9,41.0
2025-06-19T00:38:02.089931,0.16319999999999998,24.9,40.0
2025-06-19T00:38:39.188201,0.16319999999999998,24.9,41.0
2025-06-19T00:39:11.770171,0.16319999999999998,24.9,39.0
2025-06-19T00:39:42.094311,0.16319999999999998,24.9,41.0
2025-06-19T00:40:12.428651,0.16319999999999998,24.9,39.0
2025-06-19T00:40:42.757376,0.16319999999999998,24.8,39.0
2025-06-19T00:41:13.083935,0.16319999999999998,24.8,40.0
2025-06-19T00:41:43.405850,0.16319999999999998,24.8,39.0
2025-06-19T00:42:15.984548,0.16319999999999998,24.8,39.0
2025-06-19T00:42:46.303599,0.16319999999999998,24.9,41.0
2025-06-19T00:43:16.623338,0.16319999999999998,24.8,39.0
2025-06-19T00:43:51.470021,0.16319999999999998,24.8,41.0
2025-06-19T00:44:21.796185,0.16319999999999998,24.9,41.0
2025-06-19T00:44:52.109993,0.16319999999999998,24.8,39.0
2025-06-19T00:45:22.429894,0.16319999999999998,24.8,39.0
2025-06-19T00:45:52.753711,0.16319999999999998,24.8,40.0
2025-06-19T00:46:23.078850,0.16319999999999998,24.8,39.0
2025-06-19T00:46:53.400267,0.16319999999999998,24.8,40.0
2025-06-19T00:47:25.979017,0.16319999999999998,24.8,40.0
2025-06-19T00:47:56.297810,0.16319999999999998,24.9,41.0
2025-06-19T00:48:26.625872,0.16319999999999998,24.8,39.0
2025-06-19T00:48:56.944815,0.16319999999999998,24.8,40.0
2025-06-19T00:49:27.274141,0.16319999999999998,24.7,40.0
2025-06-19T00:49:59.855562,0.16319999999999998,24.7,40.0
2025-06-19T00:50:30.176025,0.16319999999999998,24.7,41.0
2025-06-19T00:51:00.506053,0.16319999999999998,24.8,40.0
2025-06-19T00:51:30.820128,0.16319999999999998,24.7,40.0
2025-06-19T00:52:03.392252,0.16319999999999998,24.8,40.0
2025-06-19T00:52:33.719054,0.16319999999999998,24.8,41.0
2025-06-19T00:53:06.290963,0.16319999999999998,24.8,40.0
2025-06-19T00:53:36.621684,0.16319999999999998,24.8,41.0
2025-06-19T00:54:06.945938,0.16319999999999998,24.8,39.0
2025-06-19T00:54:37.271402,0.16319999999999998,24.8,40.0
2025-06-19T00:55:09.857685,0.16319999999999998,24.8,40.0
2025-06-19T00:55:40.201253,0.16319999999999998,24.8,41.0
2025-06-19T00:56:12.784986,0.16319999999999998,24.8,40.0
2025-06-19T00:56:43.117219,0.16319999999999998,24.8,41.0
2025-06-19T00:57:13.448935,0.16319999999999998,24.8,40.0
2025-06-19T00:57:43.779229,0.16319999999999998,24.8,40.0
2025-06-19T00:58:14.111692,0.16319999999999998,24.8,40.0
2025-06-19T00:58:44.427214,0.16319999999999998,24.8,40.0
2025-06-19T00:59:14.746812,0.16319999999999998,24.8,40.0
2025-06-19T00:59:45.077337,0.16319999999999998,24.8,40.0
2025-06-19T01:00:15.398022,0.16319999999999998,24.8,40.0
2025-06-19T01:00:45.717167,0.16319999999999998,24.7,40.0
2025-06-19T01:01:16.037846,0.16319999999999998,24.8,40.0
2025-06-19T01:01:46.358983,0.16319999999999998,24.8,40.0
2025-06-19T01:02:16.676505,0.16319999999999998,24.8,40.0
2025-06-19T01:02:47.001346,0.16319999999999998,24.8,40.0
2025-06-19T01:03:17.330502,0.16319999999999998,24.8,40.0
2025-06-19T01:03:47.645079,0.16319999999999998,24.8,40.0
2025-06-19T01:04:17.969637,0.16319999999999998,24.8,40.0
2025-06-19T01:04:48.300045,0.16319999999999998,24.8,40.0
2025-06-19T01:05:18.629772,0.16319999999999998,24.8,40.0
2025-06-19T01:05:48.954508,0.16319999999999998,24.8,40.0
2025-06-19T01:06:19.287052,0.16319999999999998,24.8,40.0
2025-06-19T01:06:49.619625,0.16319999999999998,24.8,40.0
2025-06-19T01:07:19.942027,0.16319999999999998,24.7,40.0
2025-06-19T01:07:50.270715,0.16319999999999998,24.8,40.0
2025-06-19T01:08:20.610763,0.16319999999999998,24.7,40.0
2025-06-19T01:08:50.938150,0.16319999999999998,24.8,40.0
2025-06-19T01:09:21.275739,0.16319999999999998,24.8,40.0
2025-06-19T01:09:51.601054,0.16319999999999998,24.7,40.0
2025-06-19T01:10:21.934246,0.16319999999999998,24.8,40.0
2025-06-19T01:10:52.259757,0.16319999999999998,24.7,40.0
2025-06-19T01:11:22.576336,0.16319999999999998,24.7,40.0
2025-06-19T01:11:52.893975,0.16319999999999998,24.7,40.0
2025-06-19T01:12:23.220365,0.16319999999999998,24.7,40.0
2025-06-19T01:12:53.549062,0.16319999999999998,24.8,40.0
2025-06-19T01:13:23.877902,0.16319999999999998,24.8,40.0
2025-06-19T01:13:54.201428,0.16319999999999998,24.7,40.0
2025-06-19T01:14:24.539655,0.16319999999999998,24.7,40.0
2025-06-19T01:14:54.865524,0.16319999999999998,24.7,40.0
2025-06-19T01:15:25.182536,0.16319999999999998,24.7,40.0
2025-06-19T01:15:55.498124,0.16319999999999998,24.7,40.0
2025-06-19T01:16:25.823839,0.16319999999999998,24.8,40.0
2025-06-19T01:16:56.150806,0.16319999999999998,24.7,40.0
2025-06-19T01:17:26.473930,0.16319999999999998,24.7,40.0
2025-06-19T01:17:56.789758,0.16319999999999998,24.7,40.0
2025-06-19T01:18:27.121146,0.16319999999999998,24.7,40.0
2025-06-19T01:18:59.705981,0.16319999999999998,24.8,40.0
2025-06-19T01:19:30.037258,0.16319999999999998,24.7,41.0
2025-06-19T01:20:00.357924,0.16319999999999998,24.7,40.0
2025-06-19T01:20:30.675478,0.16319999999999998,24.7,40.0
2025-06-19T01:21:01.000244,0.16319999999999998,24.7,40.0
2025-06-19T01:21:31.318887,0.16319999999999998,24.7,40.0
2025-06-19T01:22:01.643189,0.16319999999999998,24.7,40.0
2025-06-19T01:22:31.963316,0.16319999999999998,24.7,40.0
2025-06-19T01:23:02.285599,0.16319999999999998,24.7,40.0
2025-06-19T01:23:32.602691,0.16319999999999998,24.7,40.0
2025-06-19T01:24:02.920864,0.16319999999999998,24.7,40.0
2025-06-19T01:24:33.247810,0.16319999999999998,24.7,40.0
2025-06-19T01:25:03.563361,0.16319999999999998,24.7,40.0
2025-06-19T01:25:33.886518,0.16319999999999998,24.7,40.0
2025-06-19T01:26:04.210571,0.16319999999999998,24.7,40.0
2025-06-19T01:26:34.529442,0.16319999999999998,24.7,40.0
2025-06-19T01:27:04.853662,0.16319999999999998,24.7,40.0
2025-06-19T01:27:35.175672,0.16319999999999998,24.7,40.0
2025-06-19T01:28:05.495528,0.16319999999999998,24.7,40.0
2025-06-19T01:28:35.832989,0.16319999999999998,24.7,40.0
2025-06-19T01:29:08.413669,0.16319999999999998,24.7,40.0
2025-06-19T01:29:38.733694,0.16319999999999998,24.7,41.0
2025-06-19T01:30:09.051599,0.16319999999999998,24.7,40.0
2025-06-19T01:30:41.630471,0.16319999999999998,24.7,40.0
2025-06-19T01:31:11.958066,0.16319999999999998,24.7,41.0
2025-06-19T01:31:44.543607,0.16319999999999998,24.7,40.0
2025-06-19T01:32:14.866537,0.16319999999999998,24.7,41.0
2025-06-19T01:32:45.191595,0.16319999999999998,24.7,40.0
2025-06-19T01:33:15.520655,0.16319999999999998,24.7,40.0
2025-06-19T01:33:45.839055,0.16319999999999998,24.7,40.0
2025-06-19T01:34:16.161562,0.16319999999999998,24.6,40.0
2025-06-19T01:34:46.482466,0.16319999999999998,24.7,40.0
2025-06-19T01:35:16.816310,0.16319999999999998,24.7,40.0
2025-06-19T01:35:47.137030,0.16319999999999998,24.7,40.0
2025-06-19T01:36:17.461956,0.16319999999999998,24.7,40.0
2025-06-19T01:36:47.788898,0.16319999999999998,24.7,40.0
2025-06-19T01:37:18.110483,0.16319999999999998,24.6,40.0
2025-06-19T01:37:48.436617,0.16319999999999998,24.6,40.0
2025-06-19T01:38:18.762804,0.16319999999999998,24.6,40.0
2025-06-19T01:38:49.077535,0.16319999999999998,24.7,40.0
2025-06-19T01:39:19.397703,0.16319999999999998,24.7,40.0
2025-06-19T01:39:49.725650,0.16319999999999998,24.7,40.0
2025-06-19T01:40:20.038825,0.16319999999999998,24.7,40.0
2025-06-19T01:40:50.362666,0.16319999999999998,24.7,40.0
2025-06-19T01:41:20.685959,0.16319999999999998,24.7,40.0
2025-06-19T01:41:51.005494,0.16319999999999998,24.7,40.0
2025-06-19T01:42:21.317076,0.16319999999999998,24.6,40.0
2025-06-19T01:42:53.896104,0.16319999999999998,24.6,40.0
2025-06-19T01:43:24.219054,0.16319999999999998,24.6,41.0
2025-06-19T01:43:54.546697,0.16319999999999998,24.6,40.0
2025-06-19T01:44:27.142478,0.16319999999999998,24.6,40.0
2025-06-19T01:44:57.460165,0.16319999999999998,24.6,41.0
2025-06-19T01:45:27.780485,0.16319999999999998,24.6,40.0
2025-06-19T01:45:58.098405,0.16319999999999998,24.6,40.0
2025-06-19T01:46:28.419426,0.16319999999999998,24.6,40.0
2025-06-19T01:46:58.747363,0.16319999999999998,24.6,40.0
2025-06-19T01:47:29.071978,0.16319999999999998,24.7,40.0
2025-06-19T01:47:59.400255,0.16319999999999998,24.6,40.0
2025-06-19T01:48:29.727732,0.16319999999999998,24.7,40.0
2025-06-19T01:49:00.049940,0.16319999999999998,24.6,40.0
2025-06-19T01:49:30.382212,0.16319999999999998,24.6,40.0
2025-06-19T01:50:00.703837,0.16319999999999998,24.7,40.0
2025-06-19T01:50:33.286195,0.16319999999999998,24.6,40.0
2025-06-19T01:51:03.607543,0.16319999999999998,24.6,41.0
2025-06-19T01:51:33.927485,0.16319999999999998,24.6,40.0
2025-06-19T01:52:06.513445,0.16319999999999998,24.6,40.0
2025-06-19T01:52:36.835901,0.16319999999999998,24.6,41.0
2025-06-19T01:53:07.153664,0.16319999999999998,24.6,40.0
2025-06-19T01:53:37.486084,0.16319999999999998,24.6,40.0
2025-06-19T01:54:07.809860,0.16319999999999998,24.6,40.0
2025-06-19T01:54:38.138698,0.16319999999999998,24.6,40.0
2025-06-19T01:55:08.470147,0.16319999999999998,24.6,40.0
2025-06-19T01:55:38.800780,0.16319999999999998,24.7,40.0
2025-06-19T01:56:11.386237,0.16319999999999998,24.6,40.0
2025-06-19T01:56:41.709562,0.16319999999999998,24.6,41.0
2025-06-19T01:57:12.036558,0.16319999999999998,24.6,40.0
2025-06-19T01:57:42.374605,0.16319999999999998,24.6,40.0
2025-06-19T01:58:12.697668,0.16319999999999998,24.6,40.0
2025-06-19T01:58:43.021218,0.16319999999999998,24.6,40.0
2025-06-19T01:59:13.350240,0.16319999999999998,24.6,40.0
2025-06-19T01:59:43.670118,0.16319999999999998,24.6,40.0
2025-06-19T02:00:13.987691,0.16319999999999998,24.6,40.0
2025-06-19T02:00:44.316178,0.16319999999999998,24.6,40.0
2025-06-19T02:01:14.634091,0.16319999999999998,24.6,40.0
2025-06-19T02:01:44.960328,0.16319999999999998,24.6,40.0
2025-06-19T02:02:15.281969,0.16319999999999998,24.6,40.0
2025-06-19T02:02:45.611256,0.0,24.6,40.0
2025-06-19T02:03:15.932906,0.16319999999999998,24.6,40.0
2025-06-19T02:03:46.255111,0.16319999999999998,24.6,40.0
2025-06-19T02:04:16.585871,0.16319999999999998,24.6,40.0
2025-06-19T02:04:46.904270,0.16319999999999998,24.6,39.0
2025-06-19T02:05:17.223975,0.16319999999999998,24.6,40.0
2025-06-19T02:05:47.539880,0.16319999999999998,24.6,39.0
2025-06-19T02:06:17.856854,0.16319999999999998,24.6,40.0
2025-06-19T02:06:50.436894,0.16319999999999998,24.6,40.0
2025-06-19T02:07:20.765959,0.16319999999999998,24.6,41.0
2025-06-19T02:07:51.087422,0.16319999999999998,24.6,40.0
2025-06-19T02:08:21.415857,0.16319999999999998,24.6,40.0
2025-06-19T02:08:51.741220,0.16319999999999998,24.6,39.0
2025-06-19T02:09:22.068551,0.16319999999999998,24.6,39.0
2025-06-19T02:09:52.395968,0.16319999999999998,24.6,40.0
2025-06-19T02:10:22.718608,0.16319999999999998,24.6,39.0
2025-06-19T02:10:53.046374,0.16319999999999998,24.6,39.0
2025-06-19T02:11:25.630987,0.16319999999999998,24.6,39.0
2025-06-19T02:11:55.954953,0.16319999999999998,24.6,41.0
2025-06-19T02:12:26.270738,0.16319999999999998,24.6,39.0
2025-06-19T02:12:56.587456,0.16319999999999998,24.6,39.0
2025-06-19T02:13:26.906694,0.16319999999999998,24.6,39.0
2025-06-19T02:13:57.230218,0.16319999999999998,24.6,39.0
2025-06-19T02:14:27.559193,0.16319999999999998,24.6,39.0
2025-06-19T02:14:57.881599,0.16319999999999998,24.5,39.0
2025-06-19T02:15:28.198418,0.16319999999999998,24.5,39.0
2025-06-19T02:15:58.518518,0.16319999999999998,24.6,39.0
2025-06-19T02:16:28.839503,0.16319999999999998,24.5,39.0
2025-06-19T02:16:59.157884,0.16319999999999998,24.6,39.0
2025-06-19T02:17:29.494931,0.16319999999999998,24.5,39.0
2025-06-19T02:17:59.818411,0.16319999999999998,24.5,39.0
2025-06-19T02:18:30.137330,0.16319999999999998,24.5,39.0
2025-06-19T02:19:00.455990,0.16319999999999998,24.5,39.0
2025-06-19T02:19:30.779084,0.16319999999999998,24.5,39.0
2025-06-19T02:20:01.100370,0.16319999999999998,24.5,39.0
2025-06-19T02:20:31.419325,0.16319999999999998,24.5,39.0
2025-06-19T02:21:01.753690,0.16319999999999998,24.6,39.0
2025-06-19T02:21:32.080599,0.16319999999999998,24.5,39.0
2025-06-19T02:22:04.655654,0.16319999999999998,24.5,39.0
2025-06-19T02:22:34.982090,0.16319999999999998,24.5,40.0
2025-06-19T02:23:05.296045,0.16319999999999998,24.5,39.0
2025-06-19T02:23:35.621277,0.16319999999999998,24.4,39.0
2025-06-19T02:24:05.941366,0.16319999999999998,24.5,39.0
2025-06-19T02:24:36.262334,0.16319999999999998,24.5,39.0
2025-06-19T02:25:08.835672,0.16319999999999998,24.4,39.0
2025-06-19T02:25:39.167160,0.16319999999999998,24.4,41.0
2025-06-19T02:26:11.747788,0.16319999999999998,24.4,39.0
2025-06-19T02:26:44.329408,0.16319999999999998,24.5,39.0
2025-06-19T02:27:14.649767,0.16319999999999998,24.5,41.0
2025-06-19T02:27:47.241499,0.16319999999999998,24.4,39.0
2025-06-19T02:28:17.563886,0.16319999999999998,24.5,41.0
2025-06-19T02:28:47.888905,0.16319999999999998,24.5,39.0
2025-06-19T02:29:18.218898,0.16319999999999998,24.5,39.0
2025-06-19T02:29:48.540155,0.16319999999999998,24.5,39.0
2025-06-19T02:30:18.869789,0.16319999999999998,24.5,39.0
2025-06-19T02:30:49.192695,0.16319999999999998,24.5,39.0
2025-06-19T02:31:21.781811,0.16319999999999998,24.5,39.0
2025-06-19T02:31:54.363533,0.16319999999999998,24.5,39.0
2025-06-19T02:32:24.682219,0.16319999999999998,24.5,41.0
2025-06-19T02:32:54.997604,0.16319999999999998,24.5,39.0
2025-06-19T02:33:25.321446,0.16319999999999998,24.5,39.0
2025-06-19T02:33:55.645355,0.16319999999999998,24.5,39.0
2025-06-19T02:34:28.226925,0.16319999999999998,24.4,39.0
2025-06-19T02:34:58.547876,0.16319999999999998,24.5,41.0
2025-06-19T02:35:28.865546,0.16319999999999998,24.5,39.0
2025-06-19T02:35:59.189940,0.16319999999999998,24.5,39.0
2025-06-19T02:36:29.515997,0.16319999999999998,24.4,39.0
2025-06-19T02:36:59.832100,0.16319999999999998,24.5,39.0
2025-06-19T02:37:30.156154,0.16319999999999998,24.5,39.0
2025-06-19T02:38:00.491073,0.16319999999999998,24.5,39.0
2025-06-19T02:38:37.589141,0.16319999999999998,24.5,40.0
2025-06-19T02:39:07.915156,0.16319999999999998,24.6,40.0
2025-06-19T02:39:38.242847,0.16319999999999998,24.5,39.0
2025-06-19T02:40:08.558074,0.16319999999999998,24.5,39.0
2025-06-19T02:40:38.883362,0.16319999999999998,24.5,39.0
2025-06-19T02:41:09.207733,0.16319999999999998,24.5,39.0
2025-06-19T02:41:39.525905,0.16319999999999998,24.5,39.0
2025-06-19T02:42:09.858861,0.16319999999999998,24.5,39.0
2025-06-19T02:42:40.186185,0.16319999999999998,24.5,39.0
2025-06-19T02:43:12.780788,0.16319999999999998,24.4,39.0
2025-06-19T02:43:43.113783,0.16319999999999998,24.4,41.0
2025-06-19T02:44:13.439348,0.16319999999999998,24.4,39.0
2025-06-19T02:44:43.772857,0.16319999999999998,24.5,39.0
2025-06-19T02:45:14.094873,0.16319999999999998,24.5,39.0
2025-06-19T02:45:44.429184,0.16319999999999998,24.4,39.0
2025-06-19T02:46:14.749849,0.16319999999999998,24.4,39.0
2025-06-19T02:46:45.075439,0.16319999999999998,24.5,39.0
2025-06-19T02:47:15.402052,0.16319999999999998,24.4,39.0
2025-06-19T02:47:45.721453,0.16319999999999998,24.4,39.0
2025-06-19T02:48:18.301275,0.16319999999999998,24.4,39.0
2025-06-19T02:48:48.635691,0.16319999999999998,24.4,41.0
2025-06-19T02:49:18.968894,0.16319999999999998,24.4,39.0
2025-06-19T02:49:49.293992,0.0,24.4,39.0
2025-06-19T02:50:21.876624,0.16319999999999998,24.4,39.0
2025-06-19T02:50:52.203205,0.16319999999999998,24.4,41.0
2025-06-19T02:51:22.526883,0.16319999999999998,24.4,39.0
2025-06-19T02:51:52.854227,0.16319999999999998,24.4,39.0
2025-06-19T02:52:23.170041,0.16319999999999998,24.4,39.0
2025-06-19T02:52:55.761647,0.16319999999999998,24.4,39.0
2025-06-19T02:53:26.096269,0.16319999999999998,24.4,40.0
2025-06-19T02:53:58.678036,0.16319999999999998,24.4,39.0
2025-06-19T02:54:29.005697,0.16319999999999998,24.4,40.0
2025-06-19T02:54:59.333225,0.16319999999999998,24.4,39.0
2025-06-19T02:55:29.653761,0.16319999999999998,24.4,39.0
2025-06-19T02:55:59.976284,0.16319999999999998,24.4,39.0
2025-06-19T02:56:30.306562,0.16319999999999998,24.4,39.0
2025-06-19T02:57:00.628116,0.16319999999999998,24.4,39.0
2025-06-19T02:57:30.945275,0.16319999999999998,24.4,39.0
2025-06-19T02:58:01.271062,0.16319999999999998,24.4,39.0
2025-06-19T02:58:33.861248,0.16319999999999998,24.4,39.0
2025-06-19T02:59:04.189070,0.16319999999999998,24.4,40.0
2025-06-19T02:59:34.506324,0.16319999999999998,24.4,39.0
2025-06-19T03:00:04.826899,0.16319999999999998,24.4,39.0
2025-06-19T03:00:35.160821,0.16319999999999998,24.4,39.0
2025-06-19T03:01:05.474614,0.16319999999999998,24.4,39.0
2025-06-19T03:01:35.788853,0.16319999999999998,24.4,39.0
2025-06-19T03:02:06.108647,0.16319999999999998,24.4,39.0
2025-06-19T03:02:36.440500,0.16319999999999998,24.4,39.0
2025-06-19T03:03:06.761661,0.16319999999999998,24.4,39.0
2025-06-19T03:03:37.091240,0.16319999999999998,24.4,39.0
2025-06-19T03:04:07.421503,0.16319999999999998,24.3,39.0
2025-06-19T03:04:37.753169,0.16319999999999998,24.3,39.0
2025-06-19T03:05:08.068117,0.16319999999999998,24.3,39.0
2025-06-19T03:05:38.387541,0.16319999999999998,24.3,39.0
2025-06-19T03:06:08.706145,0.16319999999999998,24.3,39.0
2025-06-19T03:06:39.036990,0.16319999999999998,24.4,39.0
2025-06-19T03:07:09.358961,0.16319999999999998,24.3,39.0
2025-06-19T03:07:39.689693,0.16319999999999998,24.4,39.0
2025-06-19T03:08:10.002185,0.16319999999999998,24.3,39.0
2025-06-19T03:08:40.323254,0.16319999999999998,24.4,39.0
2025-06-19T03:09:10.651847,0.16319999999999998,24.3,39.0
2025-06-19T03:09:40.980130,0.16319999999999998,24.3,39.0
2025-06-19T03:10:11.293789,0.16319999999999998,24.4,39.0
2025-06-19T03:10:41.625809,0.16319999999999998,24.3,39.0
2025-06-19T03:11:11.951621,0.16319999999999998,24.4,39.0
2025-06-19T03:11:42.279666,0.16319999999999998,24.3,39.0
2025-06-19T03:12:12.605841,0.16319999999999998,24.3,39.0
2025-06-19T03:12:42.936683,0.16319999999999998,24.3,39.0
2025-06-19T03:13:13.261284,0.16319999999999998,24.3,39.0
2025-06-19T03:13:43.595272,0.16319999999999998,24.3,39.0
2025-06-19T03:14:13.922998,0.16319999999999998,24.3,39.0
2025-06-19T03:14:44.261609,0.16319999999999998,24.3,39.0
2025-06-19T03:15:19.108956,0.16319999999999998,24.3,40.0
2025-06-19T03:15:49.440279,0.16319999999999998,24.3,40.0
2025-06-19T03:16:19.763504,0.16319999999999998,24.3,39.0
2025-06-19T03:16:50.099279,0.16319999999999998,24.3,39.0
2025-06-19T03:17:20.429498,0.16319999999999998,24.3,39.0
2025-06-19T03:17:50.740670,0.16319999999999998,24.3,39.0
2025-06-19T03:18:21.058503,0.16319999999999998,24.3,39.0
2025-06-19T03:18:51.381617,0.16319999999999998,24.3,39.0
2025-06-19T03:19:21.703663,0.16319999999999998,24.3,39.0
2025-06-19T03:19:52.019374,0.16319999999999998,24.3,39.0
2025-06-19T03:20:22.353528,0.16319999999999998,24.3,39.0
2025-06-19T03:20:52.669562,0.16319999999999998,24.3,39.0
2025-06-19T03:21:25.246194,0.16319999999999998,24.2,39.0
2025-06-19T03:21:55.562586,0.16319999999999998,24.2,40.0
2025-06-19T03:22:25.882956,0.16319999999999998,24.2,39.0
2025-06-19T03:22:56.211812,0.16319999999999998,24.3,39.0
2025-06-19T03:23:26.528727,0.16319999999999998,24.3,39.0
2025-06-19T03:23:59.113680,0.16319999999999998,24.3,39.0
2025-06-19T03:24:29.438966,0.16319999999999998,24.3,40.0
2025-06-19T03:24:59.768590,0.16319999999999998,24.3,39.0
2025-06-19T03:25:30.082809,0.16319999999999998,24.3,39.0
2025-06-19T03:26:02.672767,0.16319999999999998,24.3,39.0
2025-06-19T03:26:32.991987,0.16319999999999998,24.3,40.0
2025-06-19T03:27:03.316700,0.16319999999999998,24.3,39.0
2025-06-19T03:27:33.633615,0.16319999999999998,24.2,39.0
2025-06-19T03:28:03.958735,0.16319999999999998,24.3,39.0
2025-06-19T03:28:34.274378,0.16319999999999998,24.2,39.0
2025-06-19T03:29:04.602435,0.16319999999999998,24.2,39.0
2025-06-19T03:29:34.918789,0.16319999999999998,24.2,39.0
2025-06-19T03:30:07.496051,0.16319999999999998,24.2,39.0
2025-06-19T03:30:40.072887,0.16319999999999998,24.3,39.0
2025-06-19T03:31:10.402679,0.16319999999999998,24.3,40.0
2025-06-19T03:31:40.726804,0.16319999999999998,24.2,39.0
2025-06-19T03:32:11.058010,0.16319999999999998,24.2,39.0
2025-06-19T03:32:41.398481,0.16319999999999998,24.2,39.0
2025-06-19T03:33:11.723026,0.16319999999999998,24.2,39.0
2025-06-19T03:33:42.040361,0.16319999999999998,24.2,39.0
2025-06-19T03:34:12.366421,0.16319999999999998,24.2,39.0
2025-06-19T03:34:42.695555,0.16319999999999998,24.2,39.0
2025-06-19T03:35:13.021436,0.16319999999999998,24.2,39.0
2025-06-19T03:35:45.613371,0.16319999999999998,24.3,39.0
2025-06-19T03:36:15.937868,0.16319999999999998,24.2,40.0
2025-06-19T03:36:46.271169,0.16319999999999998,24.2,39.0
2025-06-19T03:37:16.604973,0.16319999999999998,24.3,39.0
2025-06-19T03:37:46.927495,0.16319999999999998,24.2,39.0
2025-06-19T03:38:17.253077,0.16319999999999998,24.3,39.0
2025-06-19T03:38:47.571100,0.16319999999999998,24.2,39.0
2025-06-19T03:39:17.887689,0.16319999999999998,24.2,39.0
2025-06-19T03:39:48.205404,0.16319999999999998,24.3,39.0
2025-06-19T03:40:20.778604,0.16319999999999998,24.2,39.0
2025-06-19T03:40:51.104125,0.16319999999999998,24.2,40.0
2025-06-19T03:41:21.420931,0.16319999999999998,24.2,39.0
2025-06-19T03:41:51.734650,0.16319999999999998,24.2,39.0
2025-06-19T03:42:22.056218,0.16319999999999998,24.2,39.0
2025-06-19T03:42:52.391761,0.16319999999999998,24.2,39.0
2025-06-19T03:43:27.231047,0.16319999999999998,24.2,40.0
2025-06-19T03:43:57.564537,0.16319999999999998,24.3,40.0
2025-06-19T03:44:27.883023,0.16319999999999998,24.2,39.0
2025-06-19T03:44:58.198251,0.16319999999999998,24.3,39.0
2025-06-19T03:45:28.519106,0.16319999999999998,24.2,39.0
2025-06-19T03:45:58.838934,0.16319999999999998,24.2,39.0
2025-06-19T03:46:29.168805,0.16319999999999998,24.2,39.0
2025-06-19T03:46:59.484763,0.16319999999999998,24.2,39.0
2025-06-19T03:47:29.817968,0.16319999999999998,24.2,39.0
2025-06-19T03:48:00.140249,0.16319999999999998,24.2,39.0
2025-06-19T03:48:30.465349,0.16319999999999998,24.2,39.0
2025-06-19T03:49:00.792805,0.16319999999999998,24.2,39.0
2025-06-19T03:49:31.114634,0.16319999999999998,24.2,39.0
2025-06-19T03:50:01.436907,0.16319999999999998,24.2,39.0
2025-06-19T03:50:31.762909,0.16319999999999998,24.2,39.0
2025-06-19T03:51:02.085651,0.16319999999999998,24.2,39.0
2025-06-19T03:51:32.405665,0.16319999999999998,24.2,39.0
2025-06-19T03:52:02.729952,0.16319999999999998,24.2,39.0
2025-06-19T03:52:33.053558,0.16319999999999998,24.2,38.0
2025-06-19T03:53:03.375294,0.16319999999999998,24.2,39.0
2025-06-19T03:53:33.698318,0.16319999999999998,24.2,39.0
2025-06-19T03:54:04.033509,0.16319999999999998,24.1,39.0
2025-06-19T03:54:34.350586,0.16319999999999998,24.1,39.0
2025-06-19T03:55:04.676394,0.16319999999999998,24.1,39.0
2025-06-19T03:55:34.994656,0.16319999999999998,24.1,39.0
2025-06-19T03:56:09.826782,0.16319999999999998,24.1,40.0
2025-06-19T03:56:40.148552,0.16319999999999998,24.2,40.0
2025-06-19T03:57:10.461977,0.16319999999999998,24.1,39.0
2025-06-19T03:57:40.784053,0.16319999999999998,24.1,39.0
2025-06-19T03:58:11.105450,0.16319999999999998,24.1,39.0
2025-06-19T03:58:41.439733,0.16319999999999998,24.1,39.0
2025-06-19T03:59:11.770352,0.16319999999999998,24.1,39.0
2025-06-19T03:59:42.097729,0.16319999999999998,24.1,39.0
2025-06-19T04:00:12.417334,0.16319999999999998,24.1,39.0
2025-06-19T04:00:42.736539,0.16319999999999998,24.1,39.0
2025-06-19T04:01:13.066696,0.16319999999999998,24.1,39.0
2025-06-19T04:01:43.387750,0.16319999999999998,24.1,39.0
2025-06-19T04:02:13.715401,0.16319999999999998,24.1,39.0
2025-06-19T04:02:44.041191,0.16319999999999998,24.1,39.0
2025-06-19T04:03:16.630161,0.16319999999999998,24.1,39.0
2025-06-19T04:03:46.959146,0.16319999999999998,24.1,40.0
2025-06-19T04:04:17.273150,0.16319999999999998,24.1,39.0
2025-06-19T04:04:47.592265,0.16319999999999998,24.1,39.0
2025-06-19T04:05:17.923765,0.16319999999999998,24.1,39.0
2025-06-19T04:05:48.242834,0.16319999999999998,24.1,39.0
2025-06-19T04:06:18.559164,0.16319999999999998,24.1,39.0
2025-06-19T04:06:48.883556,0.16319999999999998,24.1,39.0
2025-06-19T04:07:19.207830,0.16319999999999998,24.1,39.0
2025-06-19T04:07:49.533310,0.16319999999999998,24.1,39.0
2025-06-19T04:08:19.851264,0.16319999999999998,24.1,39.0
2025-06-19T04:08:50.171214,0.16319999999999998,24.1,39.0
2025-06-19T04:09:20.496011,0.16319999999999998,24.1,39.0
2025-06-19T04:09:53.080519,0.16319999999999998,24.0,39.0
2025-06-19T04:10:23.410393,0.16319999999999998,24.1,40.0
2025-06-19T04:10:53.742190,0.16319999999999998,24.0,39.0
2025-06-19T04:11:24.074156,0.16319999999999998,24.0,39.0
2025-06-19T04:11:54.408181,0.16319999999999998,24.1,39.0
2025-06-19T04:12:24.732489,0.16319999999999998,24.0,39.0
2025-06-19T04:12:57.325185,0.16319999999999998,24.0,39.0
2025-06-19T04:13:27.656997,0.16319999999999998,24.0,40.0
2025-06-19T04:13:57.994343,0.16319999999999998,24.0,39.0
2025-06-19T04:14:28.329025,0.16319999999999998,24.0,39.0
2025-06-19T04:14:58.665403,0.16319999999999998,24.0,39.0
2025-06-19T04:15:28.987478,0.16319999999999998,24.0,39.0
2025-06-19T04:15:59.312095,0.16319999999999998,24.1,39.0
2025-06-19T04:16:29.638152,0.16319999999999998,24.0,39.0
2025-06-19T04:16:59.967950,0.16319999999999998,24.1,39.0
2025-06-19T04:17:30.289729,0.16319999999999998,24.0,39.0
2025-06-19T04:18:02.871481,0.16319999999999998,24.0,39.0
2025-06-19T04:18:33.208324,0.16319999999999998,24.0,40.0
2025-06-19T04:19:03.538517,0.16319999999999998,24.0,39.0
2025-06-19T04:19:33.877123,0.16319999999999998,24.0,39.0
2025-06-19T04:20:04.211412,0.16319999999999998,24.0,39.0
2025-06-19T04:20:34.535185,0.16319999999999998,24.0,39.0
2025-06-19T04:21:04.856061,0.16319999999999998,24.0,39.0
2025-06-19T04:21:35.172920,0.16319999999999998,24.0,39.0
2025-06-19T04:22:05.493712,0.16319999999999998,24.0,39.0
2025-06-19T04:22:35.815652,0.16319999999999998,24.0,39.0
2025-06-19T04:23:08.405182,0.16319999999999998,24.0,39.0
2025-06-19T04:23:38.730290,0.16319999999999998,24.0,40.0
2025-06-19T04:24:09.042653,0.16319999999999998,24.0,39.0
2025-06-19T04:24:41.627840,0.16319999999999998,24.0,39.0
2025-06-19T04:25:11.947316,0.16319999999999998,24.0,40.0
2025-06-19T04:25:42.268030,0.16319999999999998,24.0,39.0
2025-06-19T04:26:12.597179,0.16319999999999998,24.0,39.0
2025-06-19T04:26:42.921331,0.16319999999999998,24.0,39.0
2025-06-19T04:27:13.266102,0.16319999999999998,24.0,39.0
2025-06-19T04:27:43.587562,0.16319999999999998,24.0,39.0
2025-06-19T04:28:13.923550,0.16319999999999998,24.0,39.0
2025-06-19T04:28:46.505667,0.16319999999999998,24.0,39.0
2025-06-19T04:29:16.832290,0.16319999999999998,24.0,40.0
2025-06-19T04:29:53.913118,0.16319999999999998,24.0,40.0
2025-06-19T04:30:24.244890,0.16319999999999998,24.0,40.0
2025-06-19T04:30:54.565061,0.16319999999999998,24.0,39.0
2025-06-19T04:31:24.896505,0.16319999999999998,24.0,39.0
2025-06-19T04:31:55.215291,0.16319999999999998,24.0,39.0
2025-06-19T04:32:25.545896,0.16319999999999998,24.0,39.0
2025-06-19T04:32:58.125627,0.16319999999999998,24.0,39.0
2025-06-19T04:33:28.455838,0.16319999999999998,24.0,40.0
2025-06-19T04:33:58.778003,0.16319999999999998,23.9,39.0
2025-06-19T04:34:31.366177,0.16319999999999998,23.9,39.0
2025-06-19T04:35:01.682508,0.16319999999999998,23.9,41.0
2025-06-19T04:35:32.001300,0.16319999999999998,23.9,39.0
2025-06-19T04:36:02.322585,0.16319999999999998,23.9,39.0
2025-06-19T04:36:32.641376,0.16319999999999998,23.9,39.0
2025-06-19T04:37:02.970225,0.16319999999999998,23.9,39.0
2025-06-19T04:37:33.291409,0.16319999999999998,23.9,39.0
2025-06-19T04:38:05.867947,0.16319999999999998,23.9,39.0
2025-06-19T04:38:36.192277,0.16319999999999998,23.9,41.0
2025-06-19T04:39:06.506412,0.16319999999999998,23.9,39.0
2025-06-19T04:39:36.830889,0.16319999999999998,23.9,39.0
2025-06-19T04:40:07.149922,0.16319999999999998,23.9,39.0
2025-06-19T04:40:37.475227,0.16319999999999998,23.9,39.0
2025-06-19T04:41:07.808641,0.16319999999999998,23.9,39.0
2025-06-19T04:41:38.129584,0.16319999999999998,23.9,39.0
2025-06-19T04:42:08.462030,0.16319999999999998,23.9,39.0
2025-06-19T04:42:38.789019,0.16319999999999998,23.9,39.0
2025-06-19T04:43:09.120383,0.16319999999999998,23.9,39.0
2025-06-19T04:43:39.440840,0.16319999999999998,23.9,39.0
2025-06-19T04:44:09.788337,0.16319999999999998,23.9,39.0
2025-06-19T04:44:42.372744,0.16319999999999998,23.9,39.0
2025-06-19T04:45:12.706335,0.16319999999999998,23.9,41.0
2025-06-19T04:45:43.031871,0.16319999999999998,23.9,39.0
2025-06-19T04:46:13.353817,0.16319999999999998,23.9,39.0
2025-06-19T04:46:50.449673,0.16319999999999998,23.9,40.0
2025-06-19T04:47:20.769331,0.16319999999999998,23.9,40.0
2025-06-19T04:47:55.612830,0.32639999999999997,23.9,41.0
2025-06-19T04:48:25.930250,0.32639999999999997,23.9,40.0
2025-06-19T04:48:56.249107,0.32639999999999997,23.9,39.0
2025-06-19T04:49:26.564789,0.16319999999999998,23.9,39.0
2025-06-19T04:49:56.892249,0.32639999999999997,23.9,39.0
2025-06-19T04:50:27.206972,0.32639999999999997,23.9,39.0
2025-06-19T04:50:57.538054,0.32639999999999997,23.8,39.0
2025-06-19T04:51:27.858576,0.05875200000000001,23.8,39.0
2025-06-19T04:51:58.178181,0.05875200000000001,23.9,39.0
2025-06-19T04:52:28.503664,0.221952,23.8,39.0
2025-06-19T04:52:58.824904,0.221952,23.8,39.0
2025-06-19T04:53:29.152857,0.221952,23.8,39.0
2025-06-19T04:53:59.486163,0.221952,23.8,39.0
2025-06-19T04:54:29.801951,0.221952,23.8,39.0
2025-06-19T04:55:00.117428,0.221952,23.8,39.0
2025-06-19T04:55:30.454756,0.38515200000000005,23.8,39.0
2025-06-19T04:56:00.770955,0.38515200000000005,23.8,39.0
2025-06-19T04:56:31.090643,0.38515200000000005,23.8,39.0
2025-06-19T04:57:01.413162,0.38515200000000005,23.8,39.0
2025-06-19T04:57:31.730181,0.38515200000000005,23.8,39.0
2025-06-19T04:58:02.044250,0.38515200000000005,23.8,39.0
2025-06-19T04:58:32.371338,0.5483520000000001,23.9,39.0
2025-06-19T04:59:02.696070,0.5483520000000001,23.8,39.0
2025-06-19T04:59:33.018406,0.443904,23.8,39.0
2025-06-19T05:00:03.340413,0.443904,23.8,39.0
2025-06-19T05:00:33.666686,0.443904,23.8,39.0
2025-06-19T05:01:03.993221,0.607104,23.8,39.0
2025-06-19T05:01:34.315680,0.607104,23.8,39.0
2025-06-19T05:02:04.639339,0.607104,23.8,39.0
2025-06-19T05:02:39.478741,0.7703040000000001,23.8,41.0
2025-06-19T05:03:09.799380,0.7703040000000001,23.8,40.0
2025-06-19T05:03:40.131987,0.933504,23.8,39.0
2025-06-19T05:04:10.458252,0.665856,23.8,39.0
2025-06-19T05:04:40.789205,0.8290559999999999,23.8,39.0
2025-06-19T05:05:11.109679,0.8290559999999999,23.8,39.0
2025-06-19T05:05:41.448463,0.9922559999999999,23.8,39.0
2025-06-19T05:06:11.776340,0.9922559999999999,23.8,39.0
2025-06-19T05:06:42.106778,1.155456,23.8,39.0
2025-06-19T05:07:12.434728,1.155456,23.8,39.0
2025-06-19T05:07:42.753376,1.051008,23.8,39.0
2025-06-19T05:08:13.072887,1.051008,23.8,39.0
2025-06-19T05:08:45.651918,1.214208,23.8,39.0
2025-06-19T05:09:15.980299,1.3774080000000002,23.8,41.0
2025-06-19T05:09:46.298355,1.3774080000000002,23.8,39.0
2025-06-19T05:10:18.883972,1.5406080000000002,23.8,39.0
2025-06-19T05:10:49.207689,1.27296,23.8,40.0
2025-06-19T05:11:19.529575,1.43616,23.7,39.0
2025-06-19T05:11:49.854443,1.59936,23.7,39.0
2025-06-19T05:12:20.177053,1.59936,23.7,39.0
2025-06-19T05:12:50.506564,1.76256,23.7,39.0
2025-06-19T05:13:23.091981,1.6581119999999998,23.7,39.0
2025-06-19T05:13:53.421657,1.8213119999999998,23.7,41.0
2025-06-19T05:14:23.750799,1.9845119999999998,23.7,39.0
2025-06-19T05:14:54.071537,2.147712,23.7,39.0
2025-06-19T05:15:24.398442,2.310912,23.7,39.0
2025-06-19T05:15:54.721587,2.043264,23.7,39.0
2025-06-19T05:16:25.039883,2.206464,23.7,39.0
2025-06-19T05:16:55.362032,2.369664,23.7,39.0
2025-06-19T05:17:25.693197,2.532864,23.7,39.0
2025-06-19T05:17:56.009306,2.428416,23.7,39.0
2025-06-19T05:18:26.323009,2.591616,23.7,39.0
2025-06-19T05:18:56.646349,2.7548160000000004,23.7,39.0
2025-06-19T05:19:26.963154,2.918016,23.7,39.0
2025-06-19T05:19:57.283285,2.813568,23.7,39.0
2025-06-19T05:20:27.604218,2.9767680000000003,23.7,39.0
2025-06-19T05:20:57.920396,3.139968,23.7,39.0
2025-06-19T05:21:28.243282,3.139968,23.7,39.0
2025-06-19T05:21:58.568571,3.19872,23.7,39.0
2025-06-19T05:22:28.889602,3.36192,23.7,39.0
2025-06-19T05:22:59.209253,3.52512,23.7,39.0
2025-06-19T05:23:29.542348,3.85152,23.7,39.0
2025-06-19T05:23:59.870451,3.7470719999999997,23.7,39.0
2025-06-19T05:24:30.195892,3.910272,23.7,39.0
2025-06-19T05:25:00.528028,4.073472,23.7,39.0
2025-06-19T05:25:30.861113,3.9690239999999997,23.7,39.0
2025-06-19T05:26:01.176790,4.132224,23.7,39.0
2025-06-19T05:26:31.505270,4.295424,23.7,39.0
2025-06-19T05:27:01.884954,4.4586239999999995,23.7,39.0
2025-06-19T05:27:32.202567,4.517376,23.7,39.0
2025-06-19T05:28:02.526881,4.680575999999999,23.7,39.0
2025-06-19T05:28:32.864872,4.843775999999999,23.7,39.0
2025-06-19T05:29:03.198965,4.739328,23.7,39.0
2025-06-19T05:29:33.523494,4.902528,23.7,39.0
2025-06-19T05:30:03.846453,5.228928000000001,23.7,39.0
2025-06-19T05:30:34.178306,5.3921280000000005,23.7,39.0
2025-06-19T05:31:04.508576,5.287680000000001,23.7,39.0
2025-06-19T05:31:37.100188,5.450880000000001,23.7,39.0
2025-06-19T05:32:07.434657,5.77728,23.7,40.0
2025-06-19T05:32:37.766388,5.6728320000000005,23.7,38.0
2025-06-19T05:33:10.345714,5.836032,23.7,39.0
2025-06-19T05:33:40.665991,6.162432000000001,23.7,41.0
2025-06-19T05:34:10.987015,6.057984,23.7,39.0
2025-06-19T05:34:41.309678,6.221184,23.7,39.0
2025-06-19T05:35:11.631220,6.384384000000001,23.6,39.0
2025-06-19T05:35:48.736370,6.443136,23.7,41.0
2025-06-19T05:36:19.059385,6.606336,23.7,41.0
2025-06-19T05:36:51.647418,6.932736,23.6,39.0
2025-06-19T05:37:24.236911,6.828288,23.6,39.0
2025-06-19T05:37:54.558254,6.991488,23.6,41.0
2025-06-19T05:38:27.147619,7.154688,23.6,39.0
2025-06-19T05:38:57.467336,7.481088,23.6,40.0
2025-06-19T05:39:27.787658,7.37664,23.6,39.0
2025-06-19T05:39:58.114495,7.53984,23.6,39.0
2025-06-19T05:40:28.436161,7.70304,23.6,39.0
2025-06-19T05:40:58.768960,7.761792,23.6,39.0
2025-06-19T05:41:31.340225,7.924992,23.6,39.0
2025-06-19T05:42:01.658464,8.088192,23.6,40.0
2025-06-19T05:42:31.984211,8.414591999999999,23.6,39.0
2025-06-19T05:43:02.300567,8.310144,23.6,39.0
2025-06-19T05:43:34.893944,8.473343999999999,23.6,39.0
2025-06-19T05:44:05.214487,8.636543999999999,23.6,40.0
2025-06-19T05:44:35.533469,8.799744,23.6,39.0
2025-06-19T05:45:05.859578,8.858495999999999,23.6,39.0
2025-06-19T05:45:36.183921,9.021696,23.6,39.0
2025-06-19T05:46:06.506970,9.080447999999999,23.6,39.0
2025-06-19T05:46:39.083537,9.243648,23.6,39.0
2025-06-19T05:47:09.399054,9.570048,23.6,40.0
2025-06-19T05:47:39.721794,9.465599999999998,23.6,39.0
2025-06-19T05:48:10.050517,9.6288,23.6,39.0
2025-06-19T05:48:40.377195,9.792,23.6,39.0
2025-06-19T05:49:10.690119,9.792,23.6,39.0
2025-06-19T05:49:41.014340,9.9552,23.6,39.0
2025-06-19T05:50:11.335539,10.2816,23.6,39.0
2025-06-19T05:50:46.170932,10.177152,23.6,40.0
2025-06-19T05:51:16.498233,10.340352,23.6,41.0
2025-06-19T05:51:46.844305,10.503551999999999,23.6,39.0
2025-06-19T05:52:17.181445,10.666751999999999,23.6,39.0
2025-06-19T05:52:47.506583,10.562304,23.6,39.0
2025-06-19T05:53:17.827589,10.888703999999999,23.6,39.0
2025-06-19T05:53:48.147496,11.051903999999999,23.6,39.0
2025-06-19T05:54:18.467823,11.215103999999998,23.6,39.0
2025-06-19T05:54:48.790976,11.110656,23.6,39.0
2025-06-19T05:55:19.114641,11.273856000000002,23.6,39.0
2025-06-19T05:55:49.433831,11.437056000000002,23.6,39.0
2025-06-19T05:56:19.761228,11.600256000000002,23.6,39.0
2025-06-19T05:56:50.076974,11.763456000000001,23.6,39.0
2025-06-19T05:57:20.413544,11.822207999999998,23.6,39.0
2025-06-19T05:57:52.999741,11.822207999999998,23.6,39.0
2025-06-19T05:58:23.315471,12.148608,23.6,41.0
2025-06-19T05:58:55.907882,12.044160000000002,23.5,39.0
2025-06-19T05:59:26.229221,12.370560000000001,23.5,41.0
2025-06-19T05:59:56.552893,12.592512,23.5,39.0
2025-06-19T06:00:29.137949,12.651264000000001,23.5,39.0
2025-06-19T06:00:59.464819,13.140864,23.5,41.0
2025-06-19T06:01:29.791964,13.199615999999999,23.5,39.0
2025-06-19T06:02:00.118026,13.584768,23.5,39.0
2025-06-19T06:02:30.445907,13.643519999999999,23.5,39.0
2025-06-19T06:03:03.025165,13.865472,23.5,39.0
2025-06-19T06:03:33.355994,14.191872,23.5,41.0
2025-06-19T06:04:03.681141,14.087423999999999,23.5,39.0
2025-06-19T06:04:34.004108,14.087423999999999,23.5,39.0
2025-06-19T06:05:04.322923,14.250623999999998,23.5,39.0
2025-06-19T06:05:34.640130,14.355072,23.5,39.0
2025-06-19T06:06:04.954382,14.191872,23.5,39.0
2025-06-19T06:06:35.277856,14.191872,23.5,39.0
2025-06-19T06:07:05.594096,14.191872,23.5,39.0
2025-06-19T06:07:35.920974,14.518272,23.5,39.0
2025-06-19T06:08:06.246434,14.681472,23.5,39.0
2025-06-19T06:08:36.569051,14.844672000000001,23.5,39.0
2025-06-19T06:09:06.895350,14.844672000000001,23.5,39.0
2025-06-19T06:09:37.217615,14.681472,23.5,39.0
2025-06-19T06:10:07.548836,14.785919999999997,23.5,39.0
2025-06-19T06:10:37.865262,14.785919999999997,23.5,39.0
2025-06-19T06:11:08.190873,14.949119999999999,23.5,39.0
2025-06-19T06:11:40.771337,14.949119999999999,23.5,39.0
2025-06-19T06:12:11.085078,15.112319999999999,23.5,41.0
2025-06-19T06:12:41.409648,15.007872,23.5,39.0
2025-06-19T06:13:16.244981,15.007872,23.5,41.0
2025-06-19T06:13:46.575917,15.171072,23.5,41.0
2025-06-19T06:14:16.905508,15.171072,23.5,39.0
2025-06-19T06:14:47.233812,15.334272,23.5,39.0
2025-06-19T06:15:17.573750,15.497472,23.5,39.0
2025-06-19T06:15:47.889818,15.660672,23.5,39.0
2025-06-19T06:16:18.212717,15.556223999999998,23.5,39.0
2025-06-19T06:16:48.544622,15.719423999999998,23.5,39.0
2025-06-19T06:17:21.122922,15.719423999999998,23.5,39.0
2025-06-19T06:17:51.449540,15.882623999999998,23.5,41.0
2025-06-19T06:18:21.765015,16.209024,23.5,39.0
2025-06-19T06:18:52.080840,16.372224,23.4,39.0
2025-06-19T06:19:22.397384,16.267776,23.4,39.0
2025-06-19T06:19:54.966111,16.430976,23.5,39.0
2025-06-19T06:20:25.295130,16.430976,23.5,41.0
2025-06-19T06:20:55.612967,16.489728,23.4,39.0
2025-06-19T06:21:25.933073,16.652928,23.5,39.0
2025-06-19T06:21:56.259458,16.816128,23.5,39.0
2025-06-19T06:22:26.574471,16.979328,23.5,39.0
2025-06-19T06:22:56.905112,16.979328,23.5,39.0
2025-06-19T06:23:27.224203,16.87488,23.5,39.0
2025-06-19T06:23:57.556301,17.20128,23.5,39.0
2025-06-19T06:24:27.874929,17.36448,23.4,39.0
2025-06-19T06:25:00.459983,17.423232,23.4,39.0
2025-06-19T06:25:30.801327,17.749632,23.4,41.0
2025-06-19T06:26:01.128709,17.971584,23.4,39.0
2025-06-19T06:26:31.449847,18.193535999999998,23.4,39.0
2025-06-19T06:27:01.767641,18.252288,23.4,39.0
2025-06-19T06:27:32.092017,18.415488,23.4,39.0
2025-06-19T06:28:02.407192,18.741888,23.4,39.0
2025-06-19T06:28:32.725756,18.800639999999998,23.4,39.0
2025-06-19T06:29:03.061528,18.696192,23.4,39.0
2025-06-19T06:29:37.897220,19.185792,23.4,41.0
2025-06-19T06:30:08.220963,19.081343999999998,23.4,41.0
2025-06-19T06:30:38.558250,19.244543999999998,23.4,39.0
2025-06-19T06:31:08.884242,19.407743999999997,23.4,39.0
2025-06-19T06:31:39.203291,19.407743999999997,23.4,39.0
2025-06-19T06:32:09.521312,19.570943999999997,23.4,39.0
2025-06-19T06:32:39.838778,19.570943999999997,23.4,39.0
2025-06-19T06:33:10.154524,19.570943999999997,23.4,39.0
2025-06-19T06:33:40.477716,19.570943999999997,23.4,39.0
2025-06-19T06:34:13.054321,19.734144,23.4,39.0
2025-06-19T06:34:43.383020,19.734144,23.4,41.0
2025-06-19T06:35:13.710372,19.897344,23.4,39.0
2025-06-19T06:35:44.029543,19.897344,23.4,39.0
2025-06-19T06:36:14.359276,19.897344,23.4,39.0
2025-06-19T06:36:44.680484,19.956096,23.4,39.0
2025-06-19T06:37:15.008527,20.282496,23.4,39.0
2025-06-19T06:37:45.334632,20.504448,23.4,39.0
2025-06-19T06:38:15.659147,20.667648,23.4,39.0
2025-06-19T06:38:45.979202,20.889599999999998,23.4,39.0
2025-06-19T06:39:16.307269,21.215999999999998,23.4,39.0
2025-06-19T06:39:46.630961,21.111552,23.4,39.0
2025-06-19T06:40:16.960681,21.437952,23.4,39.0
2025-06-19T06:40:47.278955,21.496703999999998,23.4,39.0
2025-06-19T06:41:17.597004,21.718655999999996,23.4,39.0
2025-06-19T06:41:47.914964,21.881855999999996,23.4,39.0
2025-06-19T06:42:18.241287,22.045055999999995,23.4,39.0
2025-06-19T06:42:48.564649,22.045055999999995,23.4,39.0
2025-06-19T06:43:21.145183,21.881855999999996,23.4,40.0
2025-06-19T06:43:53.728930,21.881855999999996,23.4,39.0
2025-06-19T06:44:24.056010,22.045055999999995,23.4,41.0
2025-06-19T06:44:54.377321,22.045055999999995,23.4,39.0
2025-06-19T06:45:24.714363,22.371455999999995,23.4,39.0
2025-06-19T06:45:55.039378,22.267007999999997,23.4,39.0
2025-06-19T06:46:25.357757,22.267007999999997,23.4,39.0
2025-06-19T06:46:55.690778,22.267007999999997,23.3,39.0
2025-06-19T06:47:26.015227,22.208255999999995,23.3,39.0
2025-06-19T06:47:56.333884,22.149503999999997,23.3,39.0
2025-06-19T06:48:26.667285,21.986303999999997,23.3,39.0
2025-06-19T06:48:59.248393,21.927552000000002,23.3,40.0
2025-06-19T06:49:29.568617,21.927552000000002,23.3,41.0
2025-06-19T06:50:02.146729,21.927552000000002,23.3,39.0
2025-06-19T06:50:32.476421,21.659903999999997,23.3,41.0
2025-06-19T06:51:02.794403,21.986303999999997,23.3,39.0
2025-06-19T06:51:35.361953,21.986303999999997,23.3,39.0
2025-06-19T06:52:07.943610,22.149503999999997,23.3,40.0
2025-06-19T06:52:38.266792,22.045055999999995,23.3,42.0
2025-06-19T06:53:10.838620,22.371455999999995,23.3,39.0
2025-06-19T06:53:41.165850,22.534655999999995,23.3,41.0
2025-06-19T06:54:11.519965,22.756607999999996,23.3,40.0
2025-06-19T06:54:41.845234,22.919808,23.3,40.0
2025-06-19T06:55:12.167731,22.919808,23.3,40.0
2025-06-19T06:55:42.497007,23.14176,23.3,40.0
2025-06-19T06:56:15.075833,23.200512000000003,23.3,40.0
2025-06-19T06:56:45.430485,23.422464,23.3,42.0
2025-06-19T06:57:15.753996,24.075264,23.3,40.0
2025-06-19T06:57:46.076966,24.192768,23.3,40.0
2025-06-19T06:58:16.415106,24.741120000000002,23.3,40.0
2025-06-19T06:58:46.736914,25.185024,23.3,40.0
2025-06-19T06:59:17.060679,25.896576,23.3,40.0
2025-06-19T06:59:47.393590,26.399231999999998,23.3,40.0
2025-06-19T07:00:17.711850,26.843136,23.3,40.0
2025-06-19T07:00:48.026203,27.613439999999997,23.3,40.0
2025-06-19T07:01:18.352946,28.383744,23.3,40.0
2025-06-19T07:01:48.687738,28.768895999999998,23.3,40.0
2025-06-19T07:02:19.016832,28.827647999999996,23.3,40.0
2025-06-19T07:02:49.349622,29.212799999999998,23.3,40.0
2025-06-19T07:03:19.664749,29.597952,23.3,40.0
2025-06-19T07:03:49.991705,30.368256,23.3,40.0
2025-06-19T07:04:20.306228,31.092864,23.3,40.0
2025-06-19T07:04:50.622398,32.026368,23.3,40.0
2025-06-19T07:05:20.944125,31.863167999999998,23.3,40.0
2025-06-19T07:05:51.266634,30.929664,23.3,40.0
2025-06-19T07:06:21.595984,30.81216,23.3,40.0
2025-06-19T07:06:51.920178,30.870911999999997,23.3,40.0
2025-06-19T07:07:22.240234,30.870911999999997,23.3,40.0
2025-06-19T07:07:52.567078,30.707711999999997,23.3,40.0
2025-06-19T07:08:25.153031,30.48576,23.3,40.0
2025-06-19T07:08:55.482878,30.427007999999997,23.3,42.0
2025-06-19T07:09:25.806353,30.427007999999997,23.3,40.0
2025-06-19T07:09:58.386837,30.48576,23.3,40.0
2025-06-19T07:10:30.970143,30.707711999999997,23.3,40.0
2025-06-19T07:11:03.551156,30.766464,23.3,40.0
2025-06-19T07:11:33.880637,31.092864,23.3,42.0
2025-06-19T07:12:04.202703,29.99616,23.3,40.0
2025-06-19T07:12:36.778675,29.389056,23.3,40.0
2025-06-19T07:13:09.366227,29.774207999999998,23.3,40.0
2025-06-19T07:13:39.697375,29.611007999999998,23.3,42.0
2025-06-19T07:14:12.279102,29.774207999999998,23.4,40.0
2025-06-19T07:14:42.607882,29.493504,23.4,42.0
2025-06-19T07:15:12.925926,29.878656,23.4,40.0
2025-06-19T07:15:43.256723,29.552256,23.4,40.0
2025-06-19T07:16:15.836949,29.552256,23.4,40.0
2025-06-19T07:16:46.161278,29.493504,23.4,42.0
2025-06-19T07:17:16.483911,29.330304,23.5,40.0
2025-06-19T07:17:46.810905,29.108352,23.5,40.0
2025-06-19T07:18:17.139829,29.167104000000002,23.5,40.0
2025-06-19T07:18:47.469025,29.552256,23.5,40.0
2025-06-19T07:19:17.791330,29.774207999999998,23.5,40.0
2025-06-19T07:19:48.126005,30.218111999999998,23.5,40.0
2025-06-19T07:20:18.460631,30.15936,23.5,40.0
2025-06-19T07:20:48.797127,30.381311999999998,23.6,40.0
2025-06-19T07:21:19.163531,30.544511999999997,23.6,40.0
2025-06-19T07:21:49.493224,30.218111999999998,23.6,40.0
2025-06-19T07:22:19.816479,30.603264,23.6,40.0
2025-06-19T07:22:50.138438,31.047168,23.6,40.0
2025-06-19T07:23:22.724453,31.432319999999997,23.6,40.0
2025-06-19T07:23:53.061393,31.980672,23.6,41.0
2025-06-19T07:24:25.643708,32.365824,23.7,40.0
2025-06-19T07:24:56.082128,32.587776,23.7,41.0
2025-06-19T07:25:26.408246,32.750976,23.7,40.0
2025-06-19T07:25:58.995485,32.202624,23.7,40.0
2025-06-19T07:26:29.311813,31.921919999999997,23.7,41.0
2025-06-19T07:26:59.633828,31.373568,23.7,39.0
2025-06-19T07:27:29.957789,31.536768,23.7,39.0
2025-06-19T07:28:00.282302,31.314815999999997,23.7,39.0
2025-06-19T07:28:30.607921,31.034111999999997,23.7,39.0
2025-06-19T07:29:00.929989,30.870911999999997,23.7,39.0
2025-06-19T07:29:31.249416,30.32256,23.7,39.0
2025-06-19T07:30:03.814131,29.937407999999998,23.8,39.0
2025-06-19T07:30:34.140903,29.493504,23.8,41.0
2025-06-19T07:31:04.464434,29.003904000000002,23.8,39.0
2025-06-19T07:31:34.789312,29.330304,23.8,39.0
2025-06-19T07:32:05.122476,29.389056,23.8,39.0
2025-06-19T07:32:39.948846,29.225856,23.9,41.0
2025-06-19T07:33:10.275489,28.945152,23.9,41.0
2025-06-19T07:33:40.609614,28.781952,23.9,39.0
2025-06-19T07:34:10.935968,28.840704000000002,23.9,39.0
2025-06-19T07:34:41.250582,29.552256,23.9,39.0
2025-06-19T07:35:11.567467,29.50656,23.9,39.0
2025-06-19T07:35:41.893214,30.218111999999998,23.9,39.0
2025-06-19T07:36:12.218412,30.557568,23.9,39.0
2025-06-19T07:36:44.791916,31.105919999999998,23.9,39.0
2025-06-19T07:37:15.113894,31.491072,23.9,41.0
2025-06-19T07:37:45.434213,31.817472,23.9,39.0
2025-06-19T07:38:15.761502,31.876224,23.9,39.0
2025-06-19T07:38:46.090953,31.608576,23.9,39.0
2025-06-19T07:39:16.414232,31.608576,24.0,39.0
2025-06-19T07:39:46.747069,31.934976,24.0,39.0
2025-06-19T07:40:17.078049,31.830528,24.0,39.0
2025-06-19T07:40:47.412247,32.274432,24.0,39.0
2025-06-19T07:41:17.738377,33.429888,24.0,39.0
2025-06-19T07:41:48.065564,34.258944,24.0,39.0
2025-06-19T07:42:18.383908,35.192448,24.0,39.0
2025-06-19T07:42:48.706773,36.021504,24.0,39.0
2025-06-19T07:43:19.027744,38.332416,24.0,39.0
2025-06-19T07:43:49.421040,40.199424,24.0,39.0
2025-06-19T07:44:22.015111,40.86528,24.1,39.0
2025-06-19T07:44:52.336315,39.533567999999995,24.1,40.0
2025-06-19T07:45:22.662794,37.385856,24.1,39.0
2025-06-19T07:45:52.982763,36.0672,24.1,39.0
2025-06-19T07:46:23.307031,36.171648,24.1,39.0
2025-06-19T07:46:53.626100,36.733056,24.1,39.0
2025-06-19T07:47:26.206704,37.82976,24.1,39.0
2025-06-19T07:47:56.543502,38.658816,24.1,40.0
2025-06-19T07:48:29.134144,38.600063999999996,24.1,39.0
2025-06-19T07:49:03.970937,38.867712,24.2,40.0
2025-06-19T07:49:34.294084,39.148416000000005,24.2,40.0
2025-06-19T07:50:04.627335,39.91872,24.2,38.0
2025-06-19T07:50:34.950513,40.036224,24.2,38.0
2025-06-19T07:51:05.281947,41.19168,24.2,38.0
2025-06-19T07:51:35.610978,42.569088,24.2,38.0
2025-06-19T07:52:05.939686,43.94649599999999,24.2,38.0
2025-06-19T07:52:36.255497,44.7168,24.2,38.0
2025-06-19T07:53:06.587135,45.382656000000004,24.2,38.0
2025-06-19T07:53:36.921333,45.98976,24.2,38.0
2025-06-19T07:54:07.252316,46.877568,24.2,38.0
2025-06-19T07:54:39.839864,47.869824,24.2,38.0
2025-06-19T07:55:10.159958,48.86207999999999,24.2,40.0
2025-06-19T07:55:40.493868,48.86207999999999,24.2,38.0
2025-06-19T07:56:10.819121,48.920832,24.2,38.0
2025-06-19T07:56:41.142046,49.142784,24.2,38.0
2025-06-19T07:57:11.472664,49.469184,24.2,38.0
2025-06-19T07:57:41.789984,49.527936,24.2,38.0
2025-06-19T07:58:12.123290,50.565888,24.2,38.0
2025-06-19T07:58:42.449922,50.951040000000006,24.2,39.0
2025-06-19T07:59:12.781823,51.336192,24.2,38.0
2025-06-19T07:59:49.886047,51.453695999999994,24.3,40.0
2025-06-19T08:00:20.208225,70.63296,24.3,40.0
2025-06-19T08:00:50.545647,69.74515199999999,24.3,38.0
2025-06-19T08:01:20.871251,70.411008,24.3,38.0
2025-06-19T08:01:51.199889,70.24780799999999,24.3,38.0
2025-06-19T08:02:21.528800,67.049088,24.3,38.0
2025-06-19T08:02:51.850027,67.87814399999999,24.3,38.0
2025-06-19T08:03:22.187363,68.648448,24.3,38.0
2025-06-19T08:03:52.504516,68.263296,24.3,38.0
2025-06-19T08:04:22.839817,67.773696,24.3,38.0
2025-06-19T08:04:53.165954,68.041344,24.3,38.0
2025-06-19T08:05:23.494190,68.100096,24.3,38.0
2025-06-19T08:05:56.077843,68.21759999999999,24.3,38.0
2025-06-19T08:06:26.404895,68.0544,24.3,40.0
2025-06-19T08:06:56.723204,68.485248,24.3,38.0
2025-06-19T08:07:27.041562,68.929152,24.3,38.0
2025-06-19T08:07:57.373886,68.544,24.3,38.0
2025-06-19T08:08:27.699657,68.100096,24.3,38.0
2025-06-19T08:08:58.015971,67.342848,24.3,38.0
2025-06-19T08:09:35.110578,67.56479999999999,24.4,40.0
2025-06-19T08:10:05.438989,68.557056,24.4,40.0
2025-06-19T08:10:35.764394,69.014016,24.4,38.0
2025-06-19T08:11:08.349453,67.799808,24.4,38.0
2025-06-19T08:11:38.673599,67.636608,24.4,39.0
2025-06-19T08:12:08.998952,67.682304,24.4,38.0
2025-06-19T08:12:39.310833,67.728,24.4,38.0
2025-06-19T08:13:11.887775,67.506048,24.4,38.0
2025-06-19T08:13:42.199545,68.276352,24.4,39.0
2025-06-19T08:14:12.528003,70.482816,24.4,38.0
2025-06-19T08:14:42.852957,71.311872,24.4,38.0
2025-06-19T08:15:13.171502,72.08217599999999,24.4,38.0
2025-06-19T08:15:43.499110,74.51059199999999,24.4,38.0
2025-06-19T08:16:16.078206,76.403712,24.4,38.0
2025-06-19T08:16:46.403613,78.610176,24.4,39.0
2025-06-19T08:17:18.982706,78.388224,24.4,38.0
2025-06-19T08:17:49.310853,77.16096,24.4,40.0
2025-06-19T08:18:19.638602,77.32415999999999,24.4,38.0
2025-06-19T08:18:49.974797,77.872512,24.4,38.0
2025-06-19T08:19:22.553747,77.65056,24.4,38.0
2025-06-19T08:19:52.876226,75.829248,24.4,40.0
2025-06-19T08:20:23.197975,73.681536,24.4,38.0
2025-06-19T08:20:53.518994,72.30412799999999,24.4,38.0
2025-06-19T08:21:23.850334,71.148672,24.4,38.0
2025-06-19T08:21:54.175572,71.86022399999999,24.4,38.0
2025-06-19T08:22:24.493824,71.57952,24.4,38.0
2025-06-19T08:22:54.821533,71.71008,24.3,38.0
2025-06-19T08:23:25.143079,70.332672,24.3,38.0
2025-06-19T08:23:55.469169,71.38368,24.3,38.0
2025-06-19T08:24:25.786311,72.225792,24.3,38.0
2025-06-19T08:24:56.100313,78.799488,24.3,38.0
2025-06-19T08:25:26.420512,79.302144,24.3,38.0
2025-06-19T08:25:56.745966,78.07488,24.3,38.0
2025-06-19T08:26:27.066367,75.20255999999999,24.3,38.0
2025-06-19T08:26:59.642429,76.31232,24.3,38.0
2025-06-19T08:27:32.226094,77.865984,24.3,38.0
2025-06-19T08:28:04.805583,79.687296,24.3,38.0
2025-06-19T08:28:35.135452,81.671808,24.3,40.0
2025-06-19T08:29:05.455333,80.176896,24.3,38.0
2025-06-19T08:29:38.052516,77.58528,24.3,38.0
2025-06-19T08:30:08.381741,77.53958399999999,24.3,40.0
2025-06-19T08:30:38.699911,80.13119999999999,24.3,38.0
2025-06-19T08:31:09.035140,78.41433599999999,24.3,38.0
2025-06-19T08:31:39.357357,73.720704,24.3,38.0
2025-06-19T08:32:09.682107,72.715392,24.3,38.0
2025-06-19T08:32:39.997558,72.715392,24.3,38.0
2025-06-19T08:33:10.313889,71.161728,24.3,38.0
2025-06-19T08:33:40.636029,70.21516799999999,24.3,38.0
2025-06-19T08:34:10.952753,70.006272,24.3,38.0
2025-06-19T08:34:41.271836,70.998528,24.3,38.0
2025-06-19T08:35:11.588052,68.733312,24.3,38.0
2025-06-19T08:35:41.902130,69.56236799999999,24.2,38.0
2025-06-19T08:36:12.215183,70.835328,24.3,38.0
2025-06-19T08:36:42.538594,70.64601599999999,24.3,38.0
2025-06-19T08:37:15.124495,67.773696,24.3,38.0
2025-06-19T08:37:45.441360,66.35059199999999,24.3,40.0
2025-06-19T08:38:15.768185,65.358336,24.3,38.0
2025-06-19T08:38:46.093159,64.91443199999999,24.3,38.0
2025-06-19T08:39:16.413799,64.20288000000001,24.3,38.0
2025-06-19T08:39:46.736787,65.090688,24.3,38.0
2025-06-19T08:40:17.058824,67.133952,24.3,38.0
2025-06-19T08:40:47.386066,64.157184,24.3,38.0
2025-06-19T08:41:17.709271,62.27712,24.3,38.0
2025-06-19T08:41:48.023621,63.106176,24.3,38.0
2025-06-19T08:42:18.348471,63.151872000000004,24.3,38.0
2025-06-19T08:42:48.678497,61.226112,24.3,38.0
2025-06-19T08:43:19.003008,61.226112,24.3,38.0
2025-06-19T08:43:49.328866,59.228544,24.3,38.0
2025-06-19T08:44:21.921589,59.332992,24.3,38.0
2025-06-19T08:44:52.243994,59.554944,24.3,40.0
2025-06-19T08:45:22.569661,59.483136,24.3,38.0
2025-06-19T08:45:52.894233,59.985792,24.3,38.0
2025-06-19T08:46:23.228053,60.81484799999999,24.3,38.0
2025-06-19T08:46:58.060872,61.480704,24.3,40.0
2025-06-19T08:47:28.374950,62.264064000000005,24.4,40.0
2025-06-19T08:47:58.701283,62.753664,24.3,38.0
2025-06-19T08:48:29.017497,65.50848,24.3,38.0
2025-06-19T08:48:59.335895,69.16416,24.3,38.0
2025-06-19T08:49:29.663271,73.368192,24.3,38.0
2025-06-19T08:49:59.995133,77.794176,24.3,38.0
2025-06-19T08:50:30.316095,81.821952,24.3,38.0
2025-06-19T08:51:00.647244,80.105088,24.3,38.0
2025-06-19T08:51:30.962062,77.395968,24.3,38.0
2025-06-19T08:52:01.284406,75.248256,24.3,38.0
2025-06-19T08:52:33.872810,77.40902399999999,24.3,38.0
2025-06-19T08:53:06.462780,83.04921599999999,24.4,38.0
2025-06-19T08:53:43.556964,86.646144,24.4,39.0
2025-06-19T08:54:13.887652,87.977856,24.4,39.0
2025-06-19T08:54:44.207674,90.34752,24.4,38.0
2025-06-19T08:55:14.544687,89.84486399999999,24.4,38.0
2025-06-19T08:55:44.877071,92.71718399999999,24.4,38.0
2025-06-19T08:56:15.192878,92.37772799999999,24.4,38.0
2025-06-19T08:56:45.519517,93.650688,24.4,38.0
2025-06-19T08:57:15.843031,95.472,24.4,38.0
2025-06-19T08:57:46.160703,95.739648,24.4,38.0
2025-06-19T08:58:16.487866,95.07379199999998,24.4,38.0
2025-06-19T08:58:46.815768,94.40793599999999,24.4,38.0
2025-06-19T08:59:17.156365,94.734336,24.4,38.0
2025-06-19T08:59:52.001949,95.72659199999998,24.4,39.0
2025-06-19T09:00:22.322110,97.175808,24.4,39.0
2025-06-19T09:00:52.644055,97.88735999999999,24.4,38.0
2025-06-19T09:01:22.959648,99.499776,24.4,38.0
2025-06-19T09:01:57.798388,100.89024,24.4,39.0
2025-06-19T09:02:28.121200,100.72704,24.4,39.0
2025-06-19T09:02:58.450096,95.321856,24.4,38.0
2025-06-19T09:03:28.777069,92.46259199999999,24.4,38.0
2025-06-19T09:03:59.099320,90.58252799999998,24.4,38.0
2025-06-19T09:04:29.432059,92.95219199999998,24.3,38.0
2025-06-19T09:05:02.021945,95.60255999999998,24.3,38.0
2025-06-19T09:05:32.357200,99.303936,24.3,39.0
2025-06-19T09:06:02.688668,102.013056,24.3,38.0
2025-06-19T09:06:35.269365,103.005312,24.3,38.0
2025-06-19T09:07:05.586778,102.51571200000001,24.3,39.0
2025-06-19T09:07:35.910247,101.419008,24.3,38.0
2025-06-19T09:08:06.227777,101.686656,24.3,38.0
2025-06-19T09:08:41.058662,104.102016,24.3,39.0
2025-06-19T09:09:11.390458,106.856832,24.4,39.0
2025-06-19T09:09:41.746069,105.420672,24.3,38.0
2025-06-19T09:10:12.069068,101.895552,24.3,38.0
2025-06-19T09:10:44.639923,99.09504,24.3,38.0
2025-06-19T09:11:17.230438,98.722944,24.3,38.0
2025-06-19T09:11:47.557711,99.65644800000001,24.4,40.0
2025-06-19T09:12:17.882717,98.70988799999999,24.3,38.0
2025-06-19T09:12:48.203201,101.184,24.3,38.0
2025-06-19T09:13:18.525733,102.724608,24.3,38.0
2025-06-19T09:13:48.847182,104.26521600000001,24.3,38.0
2025-06-19T09:14:21.422746,102.117504,24.3,38.0
2025-06-19T09:14:51.750807,100.96204800000001,24.3,40.0
2025-06-19T09:15:22.074017,99.630336,24.3,38.0
2025-06-19T09:15:52.396072,98.533632,24.3,38.0
2025-06-19T09:16:22.729050,98.755584,24.3,38.0
2025-06-19T09:16:53.044386,98.370432,24.3,39.0
2025-06-19T09:17:23.368221,97.156224,24.3,39.0
2025-06-19T09:17:53.695530,97.645824,24.3,39.0
2025-06-19T09:18:30.785713,99.23212799999999,24.3,40.0
2025-06-19T09:19:03.361745,101.48428799999999,24.3,39.0
2025-06-19T09:19:33.688837,101.26233599999999,24.3,40.0
2025-06-19T09:20:04.010950,101.92819199999998,24.3,39.0
2025-06-19T09:20:34.345515,104.25215999999999,24.3,39.0
2025-06-19T09:21:04.669942,106.249728,24.3,39.0
2025-06-19T09:21:34.989051,107.078784,24.3,39.0
2025-06-19T09:22:07.569897,109.5072,24.3,40.0
2025-06-19T09:22:37.889319,112.392576,24.3,41.0
2025-06-19T09:23:08.217013,110.95641599999999,24.3,40.0
2025-06-19T09:23:45.320135,109.415808,24.4,41.0
2025-06-19T09:24:15.639636,107.49004799999999,24.4,41.0
2025-06-19T09:24:45.961221,109.193856,24.3,40.0
2025-06-19T09:25:16.279534,111.23711999999999,24.3,40.0
2025-06-19T09:25:46.593696,110.12736000000001,24.3,40.0
2025-06-19T09:26:16.917638,106.92864,24.3,40.0
2025-06-19T09:26:47.252733,102.665856,24.3,40.0
2025-06-19T09:27:17.565853,101.33414400000001,24.3,40.0
2025-06-19T09:27:50.141073,98.846976,24.3,41.0
2025-06-19T09:28:20.459592,99.61728000000001,24.3,42.0
2025-06-19T09:28:50.784294,100.341888,24.3,41.0
2025-06-19T09:29:21.111914,101.33414400000001,24.3,41.0
2025-06-19T09:29:51.445012,99.303936,24.3,41.0
2025-06-19T09:30:21.777372,96.93427199999999,24.3,41.0
2025-06-19T09:30:52.102774,93.83999999999999,24.3,41.0
2025-06-19T09:31:22.422669,95.43935999999998,24.3,41.0
2025-06-19T09:31:55.013918,94.76044800000001,24.3,41.0
2025-06-19T09:32:25.344008,96.405504,24.3,43.0
2025-06-19T09:32:55.672463,94.244736,24.4,41.0
2025-06-19T09:33:25.993179,94.55808,24.4,41.0
2025-06-19T09:33:56.309341,91.96646399999999,24.4,41.0
2025-06-19T09:34:26.637530,89.9232,24.4,41.0
2025-06-19T09:34:56.957814,87.98438399999999,24.4,41.0
2025-06-19T09:35:27.284445,87.15532799999998,24.4,41.0
2025-06-19T09:35:59.866424,86.50252799999998,24.4,41.0
2025-06-19T09:36:30.184405,85.673472,24.4,42.0
2025-06-19T09:37:00.499120,87.227136,24.4,41.0
2025-06-19T09:37:30.811261,86.841984,24.4,41.0
2025-06-19T09:38:01.146486,85.347072,24.4,41.0
2025-06-19T09:38:31.470858,82.977408,24.4,41.0
2025-06-19T09:39:01.795096,77.45472,24.4,41.0
2025-06-19T09:39:34.372240,78.551424,24.5,41.0
2025-06-19T09:40:04.701448,84.576768,24.5,42.0
2025-06-19T09:40:35.036404,85.242624,24.5,41.0
2025-06-19T09:41:05.357253,87.951744,24.5,41.0
2025-06-19T09:41:35.685537,91.59436799999999,24.5,41.0
2025-06-19T09:42:06.022925,92.691072,24.5,41.0
2025-06-19T09:42:36.351809,92.91302400000001,24.5,41.0
2025-06-19T09:43:06.667576,91.640064,24.5,41.0
2025-06-19T09:43:36.996085,91.35935999999998,24.5,41.0
2025-06-19T09:44:07.322886,91.744512,24.5,41.0
2025-06-19T09:44:37.655881,92.23411200000001,24.5,41.0
2025-06-19T09:45:07.974069,94.277376,24.6,41.0
2025-06-19T09:45:38.300927,96.98649599999999,24.6,41.0
2025-06-19T09:46:08.627951,98.096256,24.6,41.0
2025-06-19T09:46:41.200002,100.420224,24.6,41.0
2025-06-19T09:47:11.520849,100.420224,24.6,42.0
2025-06-19T09:47:41.842760,105.322752,24.6,41.0
2025-06-19T09:48:12.168335,105.825408,24.6,41.0
2025-06-19T09:48:42.485453,106.432512,24.6,41.0
2025-06-19T09:49:12.811795,106.817664,24.6,41.0
2025-06-19T09:49:45.384356,107.35295999999998,24.6,41.0
2025-06-19T09:50:15.716192,105.35539199999998,24.6,42.0
2025-06-19T09:50:46.040608,107.666304,24.6,40.0
2025-06-19T09:51:16.370785,109.54636799999999,24.6,40.0
2025-06-19T09:51:46.696120,108.377856,24.6,41.0
2025-06-19T09:52:17.030243,109.872768,24.6,40.0
2025-06-19T09:52:47.361290,111.648384,24.6,41.0
2025-06-19T09:53:17.688678,111.69407999999999,24.6,41.0
2025-06-19T09:53:48.017006,112.13798399999999,24.6,41.0
2025-06-19T09:54:18.340616,113.01273599999999,24.6,41.0
2025-06-19T09:54:48.665196,112.64064,24.6,40.0
2025-06-19T09:55:18.980947,115.30406399999998,24.6,40.0
2025-06-19T09:55:49.302548,112.862592,24.6,40.0
2025-06-19T09:56:19.627932,112.02047999999999,24.6,40.0
2025-06-19T09:56:49.949684,111.250176,24.6,40.0
2025-06-19T09:57:20.266225,111.295872,24.6,40.0
2025-06-19T09:57:50.589107,109.14815999999999,24.6,40.0
2025-06-19T09:58:20.909701,107.54879999999999,24.6,40.0
2025-06-19T09:58:51.238014,106.49779199999999,24.6,40.0
2025-06-19T09:59:21.567539,105.28358399999999,24.6,40.0
2025-06-19T09:59:51.892014,104.069376,24.6,40.0
2025-06-19T10:00:22.220986,103.181568,24.6,40.0
2025-06-19T10:00:52.549700,103.24032,24.6,40.0
2025-06-19T10:01:22.883398,101.86291200000001,24.6,40.0
2025-06-19T10:01:55.456352,98.886144,24.6,40.0
2025-06-19T10:02:25.776911,99.65644800000001,24.7,41.0
2025-06-19T10:02:56.107402,98.82739199999999,24.7,40.0
2025-06-19T10:03:26.442446,98.383488,24.6,40.0
2025-06-19T10:03:56.761339,99.284352,24.6,40.0
2025-06-19T10:04:27.075356,98.233344,24.7,40.0
2025-06-19T10:04:57.407747,98.08319999999999,24.6,40.0
2025-06-19T10:05:27.736786,97.63929599999999,24.6,40.0
2025-06-19T10:05:58.058190,98.17459199999999,24.7,40.0
2025-06-19T10:06:30.644871,102.4896,24.7,40.0
2025-06-19T10:07:00.970671,71.683968,24.7,41.0
2025-06-19T10:07:31.293876,100.655232,24.7,40.0
2025-06-19T10:08:01.627266,99.826176,24.7,40.0
2025-06-19T10:08:31.963340,98.938368,24.7,40.0
2025-06-19T10:09:02.283188,98.239872,24.7,40.0
2025-06-19T10:09:32.617671,98.788224,24.7,40.0
2025-06-19T10:10:02.940895,96.58175999999999,24.7,40.0
2025-06-19T10:10:33.261289,96.74495999999999,24.7,40.0
2025-06-19T10:11:03.588805,97.35206399999998,24.7,40.0
2025-06-19T10:11:33.916319,96.90815999999998,24.7,40.0
2025-06-19T10:12:04.241806,97.67846399999999,24.7,40.0
2025-06-19T10:12:34.575276,97.30636799999999,24.7,40.0
2025-06-19T10:13:04.897256,97.24761600000001,24.7,40.0
2025-06-19T10:13:35.216169,97.469568,24.7,40.0
2025-06-19T10:14:05.546990,97.30636799999999,24.7,40.0
2025-06-19T10:14:35.874420,95.76575999999999,24.7,40.0
2025-06-19T10:15:06.190642,95.380608,24.7,40.0
2025-06-19T10:15:36.511314,93.01094400000001,24.7,40.0
2025-06-19T10:16:09.086865,93.781248,24.7,40.0
2025-06-19T10:16:39.417250,94.891008,24.7,41.0
2025-06-19T10:17:09.747196,95.543808,24.7,40.0
2025-06-19T10:17:40.067143,96.536064,24.7,40.0
2025-06-19T10:18:10.386412,96.640512,24.7,40.0
2025-06-19T10:18:40.710750,97.35206399999998,24.7,40.0
2025-06-19T10:19:11.035228,98.625024,24.7,40.0
2025-06-19T10:19:41.364909,101.54304,24.7,39.0
2025-06-19T10:20:11.683014,104.13465599999999,24.7,39.0
2025-06-19T10:20:44.260381,106.621824,24.7,39.0
2025-06-19T10:21:14.586357,108.39744,24.8,41.0
2025-06-19T10:21:44.918108,108.56064,24.8,39.0
2025-06-19T10:22:15.243331,105.19872,24.7,39.0
2025-06-19T10:22:45.568258,103.867008,24.7,39.0
2025-06-19T10:23:15.887683,105.747072,24.7,39.0
2025-06-19T10:23:46.206516,104.859264,24.7,39.0
2025-06-19T10:24:18.786224,104.08895999999999,24.8,39.0
2025-06-19T10:24:49.122504,103.03795199999999,24.8,41.0
2025-06-19T10:25:19.456953,102.04569599999999,24.7,39.0
2025-06-19T10:25:49.786112,100.668288,24.7,39.0
2025-06-19T10:26:20.119977,100.07424,24.7,39.0
2025-06-19T10:26:50.448971,99.79353599999999,24.7,39.0
2025-06-19T10:27:20.778182,99.408384,24.7,39.0
2025-06-19T10:27:51.111747,98.520576,24.7,39.0
2025-06-19T10:28:21.428411,97.750272,24.7,39.0
2025-06-19T10:28:51.751144,97.80902400000001,24.7,39.0
2025-06-19T10:29:22.080814,97.867776,24.7,39.0
2025-06-19T10:29:52.401874,97.98528,24.7,39.0
2025-06-19T10:30:22.731286,99.467136,24.7,39.0
2025-06-19T10:30:55.313345,100.505088,24.7,39.0
2025-06-19T10:31:25.646849,101.55609599999998,24.7,40.0
2025-06-19T10:31:55.962809,102.058752,24.7,39.0
2025-06-19T10:32:26.285701,102.724608,24.7,39.0
2025-06-19T10:32:56.617702,102.502656,24.7,39.0
2025-06-19T10:33:26.943695,102.280704,24.7,39.0
2025-06-19T10:33:57.268491,101.627904,24.7,39.0
2025-06-19T10:34:27.588294,101.288448,24.7,39.0
2025-06-19T10:34:57.917154,100.25049599999998,24.7,39.0
2025-06-19T10:35:28.242994,100.25049599999998,24.7,39.0
2025-06-19T10:35:58.564253,100.41369599999999,24.7,39.0
2025-06-19T10:36:31.138988,100.798848,24.7,39.0
2025-06-19T10:37:05.970678,100.69439999999999,24.7,40.0
2025-06-19T10:37:36.303401,101.242752,24.7,40.0
2025-06-19T10:38:06.632286,101.36025599999999,24.7,39.0
2025-06-19T10:38:36.961217,102.189312,24.7,39.0
2025-06-19T10:39:07.289716,103.181568,24.7,39.0
2025-06-19T10:39:37.622914,103.788672,24.7,39.0
2025-06-19T10:40:10.213976,104.23257600000001,24.7,39.0
2025-06-19T10:40:40.550192,103.906176,24.7,40.0
2025-06-19T10:41:10.887924,102.75072,24.7,39.0
2025-06-19T10:41:41.208956,101.31455999999999,24.7,39.0
2025-06-19T10:42:11.530163,99.937152,24.7,39.0
2025-06-19T10:42:41.846457,98.11584,24.7,39.0
2025-06-19T10:43:12.177976,97.18233599999999,24.7,39.0
2025-06-19T10:43:42.505209,96.57523199999999,24.7,38.0
2025-06-19T10:44:15.093220,95.582976,24.7,38.0
2025-06-19T10:44:45.426252,95.64172799999999,24.7,40.0
2025-06-19T10:45:15.750107,96.08563199999999,24.7,38.0
2025-06-19T10:45:46.075589,95.53728000000001,24.7,39.0
2025-06-19T10:46:16.401387,95.106432,24.7,38.0
2025-06-19T10:46:48.993732,93.82041600000001,24.6,39.0
2025-06-19T10:47:19.320049,93.833472,24.6,40.0
2025-06-19T10:47:49.641363,93.376512,24.6,38.0
2025-06-19T10:48:19.966903,94.055424,24.6,38.0
2025-06-19T10:48:52.545608,95.04768000000001,24.6,39.0
2025-06-19T10:49:22.875086,95.49158399999999,24.6,40.0
2025-06-19T10:49:55.445000,95.04768000000001,24.6,39.0
2025-06-19T10:50:25.757172,93.892224,24.6,40.0
2025-06-19T10:50:56.083045,93.376512,24.6,39.0
2025-06-19T10:51:26.404967,92.99135999999999,24.6,39.0
2025-06-19T10:51:56.728696,93.43526399999999,24.6,38.0
2025-06-19T10:52:27.054679,93.48095999999998,24.7,38.0
2025-06-19T10:52:57.375499,93.376512,24.7,38.0
2025-06-19T10:53:27.693777,92.651904,24.7,38.0
2025-06-19T10:53:58.014248,92.312448,24.7,38.0
2025-06-19T10:54:30.598797,93.31775999999999,24.7,38.0
2025-06-19T10:55:00.921467,94.205568,24.7,39.0
2025-06-19T10:55:31.251926,94.08806399999999,24.7,38.0
2025-06-19T10:56:01.579975,93.31775999999999,24.7,38.0
2025-06-19T10:56:31.915903,93.43526399999999,24.7,38.0
2025-06-19T10:57:06.756627,93.70291200000001,24.7,39.0
2025-06-19T10:57:37.081466,93.467904,24.7,39.0
2025-06-19T10:58:07.401353,94.414464,24.7,38.0
2025-06-19T10:58:39.974001,94.59071999999999,24.6,38.0
2025-06-19T10:59:12.564640,93.657216,24.7,38.0
2025-06-19T10:59:42.897066,92.769408,24.7,39.0
2025-06-19T11:00:15.492383,92.116608,24.7,38.0
2025-06-19T11:00:45.812573,91.06559999999999,24.7,39.0
2025-06-19T11:01:20.657612,90.39974400000001,24.6,39.0
2025-06-19T11:01:57.761054,89.68819199999999,24.6,39.0
2025-06-19T11:02:30.338980,88.63718399999999,24.6,38.0
2025-06-19T11:03:00.685831,86.59392,24.6,39.0
2025-06-19T11:03:33.264195,84.890112,24.6,38.0
2025-06-19T11:04:08.108231,84.72691200000001,24.6,39.0
2025-06-19T11:04:38.426458,84.446208,24.6,40.0
2025-06-19T11:05:08.751184,82.90559999999999,24.6,38.0
2025-06-19T11:05:39.077505,81.573888,24.6,38.0
2025-06-19T11:06:09.404868,80.96678399999999,24.6,38.0
2025-06-19T11:06:39.726943,81.351936,24.6,38.0
2025-06-19T11:07:10.063021,80.28787200000001,24.6,38.0
2025-06-19T11:07:42.648360,81.351936,24.6,38.0
2025-06-19T11:08:12.985914,80.862336,24.6,39.0
2025-06-19T11:08:45.571947,80.092032,24.5,38.0
2025-06-19T11:09:15.892001,79.54368,24.6,40.0
2025-06-19T11:09:46.215747,79.276032,24.5,38.0
2025-06-19T11:10:16.542771,79.21728,24.5,38.0
2025-06-19T11:10:46.866733,79.393536,24.5,38.0
2025-06-19T11:11:17.186384,79.615488,24.5,38.0
2025-06-19T11:11:47.504230,80.16384000000001,24.5,38.0
2025-06-19T11:12:24.591632,80.16384000000001,24.5,40.0
2025-06-19T11:12:54.916544,79.941888,24.5,40.0
2025-06-19T11:13:25.234547,81.169152,24.5,38.0
2025-06-19T11:13:55.564275,81.27359999999999,24.5,38.0
2025-06-19T11:14:25.887967,81.52819199999999,24.5,38.0
2025-06-19T11:14:56.209048,82.298496,24.5,38.0
2025-06-19T11:15:26.535300,82.859904,24.5,38.0
2025-06-19T11:15:56.850014,83.349504,24.5,38.0
2025-06-19T11:16:27.178376,84.446208,24.5,38.0
2025-06-19T11:16:57.512655,85.45152,24.5,38.0
2025-06-19T11:17:27.846575,86.548224,24.5,38.0
2025-06-19T11:17:58.158708,86.26752,24.4,38.0
2025-06-19T11:18:30.741928,86.04556799999999,24.4,38.0
2025-06-19T11:19:01.067353,86.04556799999999,24.5,40.0
2025-06-19T11:19:31.394537,86.31321600000001,24.4,38.0
2025-06-19T11:20:01.715317,86.091264,24.4,38.0
2025-06-19T11:20:32.041771,86.58086399999999,24.4,38.0
2025-06-19T11:21:02.365480,86.27404800000001,24.4,38.0
2025-06-19T11:21:32.692428,88.506624,24.4,38.0
2025-06-19T11:22:03.008369,90.51724800000001,24.4,38.0
2025-06-19T11:22:33.331030,90.23654400000001,24.4,38.0
2025-06-19T11:23:03.653148,89.85139199999999,24.4,38.0
2025-06-19T11:23:33.976386,90.13209599999999,24.4,38.0
2025-06-19T11:24:04.299816,90.961152,24.4,38.0
2025-06-19T11:24:34.619011,91.52255999999998,24.4,38.0
2025-06-19T11:25:04.939871,91.790208,24.4,38.0
2025-06-19T11:25:35.266698,91.84895999999999,24.4,38.0
2025-06-19T11:26:05.582381,92.18841600000002,24.4,38.0
2025-06-19T11:26:35.915814,92.351616,24.4,38.0
2025-06-19T11:27:06.246251,91.68575999999999,24.4,38.0
2025-06-19T11:27:36.570541,90.693504,24.4,38.0
2025-06-19T11:28:06.896904,90.04070399999999,24.4,38.0
2025-06-19T11:28:37.217524,88.16064,24.4,38.0
2025-06-19T11:29:07.539661,86.23488,24.4,38.0
2025-06-19T11:29:37.869241,84.19161600000001,24.4,38.0
2025-06-19T11:30:08.197332,82.08959999999999,24.4,38.0
2025-06-19T11:30:38.529415,80.268288,24.4,38.0
2025-06-19T11:31:08.855803,78.832128,24.4,38.0
2025-06-19T11:31:39.174492,77.232768,24.4,38.0
2025-06-19T11:32:09.492274,76.906368,24.4,38.0
2025-06-19T11:32:39.821202,76.521216,24.4,38.0
2025-06-19T11:33:10.141655,75.750912,24.4,38.0
2025-06-19T11:33:40.461582,76.090368,24.4,38.0
2025-06-19T11:34:10.790560,75.437568,24.4,38.0
2025-06-19T11:34:41.116563,75.881472,24.4,38.0
2025-06-19T11:35:11.442142,76.044672,24.4,38.0
2025-06-19T11:35:44.043570,75.378816,24.4,38.0
2025-06-19T11:36:14.380069,74.504064,24.4,39.0
2025-06-19T11:36:46.967210,73.89695999999999,24.3,38.0
2025-06-19T11:37:19.555627,73.67500799999999,24.4,38.0
2025-06-19T11:37:49.877430,72.904704,24.4,39.0
2025-06-19T11:38:20.199041,72.904704,24.4,38.0
2025-06-19T11:38:50.516705,72.904704,24.4,38.0
2025-06-19T11:39:23.099709,72.29759999999999,24.3,38.0
2025-06-19T11:39:53.425492,71.958144,24.4,39.0
2025-06-19T11:40:23.748132,71.129088,24.4,38.0
2025-06-19T11:40:56.324939,70.463232,24.3,38.0
2025-06-19T11:41:26.643052,69.91488,24.3,39.0
2025-06-19T11:41:56.957553,70.019328,24.3,38.0
2025-06-19T11:42:27.281086,69.90182399999999,24.3,38.0
2025-06-19T11:42:57.598229,69.516672,24.3,38.0
2025-06-19T11:43:27.924438,69.90182399999999,24.3,38.0
2025-06-19T11:43:58.254191,70.89408,24.3,38.0
2025-06-19T11:44:28.577998,71.455488,24.2,38.0
2025-06-19T11:44:58.905570,72.121344,24.2,38.0
2025-06-19T11:45:29.221233,72.343296,24.2,38.0
2025-06-19T11:45:59.545315,73.067904,24.2,38.0
2025-06-19T11:46:29.872937,73.942656,24.2,39.0
2025-06-19T11:47:00.192430,74.491008,24.2,39.0
2025-06-19T11:47:30.512747,74.771712,24.1,39.0
2025-06-19T11:48:05.349375,74.71296,24.2,40.0
2025-06-19T11:48:35.683157,74.491008,24.2,40.0
2025-06-19T11:49:06.019328,73.76639999999999,24.1,39.0
2025-06-19T11:49:36.359418,73.707648,24.1,39.0
2025-06-19T11:50:08.939466,74.817408,24.1,39.0
2025-06-19T11:50:39.271910,75.320064,24.1,41.0
2025-06-19T11:51:09.605372,75.868416,24.1,39.0
2025-06-19T11:51:39.932408,77.644032,24.1,39.0
2025-06-19T11:52:10.265484,74.88921599999999,24.1,39.0
2025-06-19T11:52:40.588278,80.013696,24.1,39.0
2025-06-19T11:53:10.913474,81.005952,24.1,40.0
2025-06-19T11:53:41.230544,82.161408,24.1,39.0
2025-06-19T11:54:11.558039,82.54656,24.1,39.0
2025-06-19T11:54:41.881556,83.80646399999999,24.1,39.0
2025-06-19T11:55:12.204595,84.916224,24.1,39.0
2025-06-19T11:55:42.532621,85.967232,24.2,39.0
2025-06-19T11:56:12.867845,86.411136,24.2,39.0
2025-06-19T11:56:43.195062,86.91379199999999,24.2,39.0
2025-06-19T11:57:13.518848,87.68409599999998,24.3,39.0
2025-06-19T11:57:43.836908,87.298944,24.3,39.0
2025-06-19T11:58:14.151218,87.50784,24.3,39.0
2025-06-19T11:58:44.482470,88.55884800000001,24.3,40.0
2025-06-19T11:59:17.070889,89.061504,24.3,39.0
2025-06-19T11:59:47.402072,87.122688,24.3,41.0
2025-06-19T12:00:17.728838,89.4336,24.3,40.0
2025-06-19T12:00:48.053485,90.55641600000001,24.3,40.0
2025-06-19T12:01:18.374772,89.31609599999999,24.4,40.0
2025-06-19T12:01:48.702726,89.13984,24.4,40.0
2025-06-19T12:02:19.025363,89.257344,24.4,40.0
2025-06-19T12:02:49.342517,89.9232,24.5,40.0
2025-06-19T12:03:19.665860,93.35692799999998,24.5,40.0
2025-06-19T12:03:52.239172,92.41036799999999,24.5,39.0
2025-06-19T12:04:24.811999,92.351616,24.5,39.0
2025-06-19T12:04:55.129286,91.96646399999999,24.6,41.0
2025-06-19T12:05:25.457568,91.535616,24.6,39.0
2025-06-19T12:05:55.773640,91.15046399999999,24.6,39.0
2025-06-19T12:06:26.106534,89.551104,24.6,39.0
2025-06-19T12:06:56.436347,87.063936,24.6,39.0
2025-06-19T12:07:26.756811,85.405824,24.6,39.0
2025-06-19T12:07:57.076351,83.023104,24.6,39.0
2025-06-19T12:08:27.398119,81.63264,24.6,39.0
2025-06-19T12:08:57.720686,80.020224,24.6,39.0
2025-06-19T12:09:28.037895,81.293184,24.7,39.0
2025-06-19T12:09:58.371457,80.803584,24.7,39.0
2025-06-19T12:10:30.947749,80.477184,24.7,39.0
2025-06-19T12:11:01.277990,75.535488,24.7,40.0
2025-06-19T12:11:38.378544,75.150336,24.7,40.0
2025-06-19T12:12:08.700948,74.686848,24.7,39.0
2025-06-19T12:12:39.023361,76.925952,24.6,37.0
2025-06-19T12:13:09.352018,78.329472,24.5,37.0
2025-06-19T12:13:39.687806,79.928832,24.4,38.0
2025-06-19T12:14:10.009093,82.017792,24.4,37.0
2025-06-19T12:14:42.589555,85.229568,24.4,37.0
2025-06-19T12:15:12.918216,87.59923199999999,24.4,39.0
2025-06-19T12:15:43.245829,88.81344,24.4,37.0
2025-06-19T12:16:13.572351,90.203904,24.4,37.0
2025-06-19T12:16:43.893255,91.81631999999999,24.4,37.0
2025-06-19T12:17:16.485102,91.81631999999999,24.3,37.0
2025-06-19T12:17:46.810440,92.377728,24.4,39.0
2025-06-19T12:18:19.406756,91.992576,24.4,38.0
2025-06-19T12:18:49.732899,90.13862400000001,24.4,39.0
2025-06-19T12:19:22.330136,90.67392,24.4,37.0
2025-06-19T12:19:52.647133,90.06681599999999,24.4,39.0
2025-06-19T12:20:22.962803,89.56416,24.4,37.0
2025-06-19T12:20:53.280931,88.6176,24.4,37.0
2025-06-19T12:21:25.859667,88.571904,24.4,37.0
2025-06-19T12:21:56.183613,87.566592,24.4,38.0
2025-06-19T12:22:26.509260,86.73753599999999,24.3,37.0
2025-06-19T12:23:01.355648,85.196928,24.4,38.0
